fantoir_ban,fantoir_bano,voie,nb_ban,nb_bano,diff
2905,,"",1,,1
4042,,"",1,,1
X043,,"",1,,1
9110,9110,"",1,4,-3
5240,,"",1,,1
3917,,"",1,,1
5697,,"",2,,2
X048,,"",1,,1
"",,allée alexandre dumas,1,,1
,0128,Allée Alexandre Dumas,,1,-1
0335,0335,allée arago,20,20,0
0542,0542,allée baden powell,8,1,7
0575,0575,allée balzac,9,4,5
0990,0990,allée blériot,6,6,0
1070,1070,allée bordelaise,6,9,-3
1215,1215,allée branly,3,4,-1
1600,1600,allée carmouze,5,6,-1
1865,1865,allée chantilly,6,6,0
2315,2315,allée corneille,2,3,-1
2490,2490,allée davezac,29,28,1
1165,1165,allée de boutaut,5,25,-20
1990,1990,allée de chartres,31,31,0
2043,2043,allée de la chênaie,11,11,0
6799,6799,allée de l'orangeraie,24,11,13
9135,9135,allée de l'union,6,6,0
6972,6972,allée de passy,25,25,0
3750,3750,allée des frères lumière,14,12,2
6081,6081,allée des marronniers,13,13,0
6976,6976,allée des pasteurines,34,41,-7
7210,7210,allée des peupliers,69,67,2
7345,7345,allée des pins,61,65,-4
8075,8075,allée des roses,14,14,0
9030,9030,allée de tourny,51,52,-1
9175,9175,allée de vampeule,25,32,-7
2676,2676,allée dieudonné costes,11,11,0
6805,6805,allée d'orléans,16,17,-1
2850,2850,allée du duc de sully,9,9,0
"",,allée du parc de bacalan,7,,7
6922,6922,allée du parc du consul,25,14,11
9093,9093,allée du trident,11,6,5
3300,3300,allée eugène delacroix,23,28,-5
3345,3345,allée fabelle,28,25,3
3646,3646,allée francis delobelle,4,4,0
3820,3820,allée ganda,28,33,-5
3970,3970,allée george sand,10,11,-1
3759,,allée haussmann,2,,2
4318,4318,allée haussmann,23,14,9
4377,4377,allée henri moreau,9,9,0
4571,4571,allée jean benais,50,2,48
4619,4619,allée jean giono,10,6,4
5021,5021,allée lafayette caud,9,8,1
"",,allée listrac,2,,2
,5577,Allée Listrac,,10,-10
5710,5710,allée louvois,33,32,1
6315,6315,allée mermoz,8,7,1
6395,6395,allée mirabeau,42,46,-4
6420,6420,allée mistral,8,6,2
6455,6455,allée monge,16,17,-1
6505,6505,allée montesquieu,7,7,0
7714,7714,allée queyret,4,4,0
7797,,allée raymond-jean dupouy,2,,2
8035,8035,allée roland garros,4,4,0
8045,8045,allée ronsard,9,5,4
8220,8220,allée saint-exupéry,8,8,0
8762,8762,allée stendhal,9,9,0
9374,9374,allée vignolles,21,21,0
0005,0005,avenue abadie,5,4,1
0160,0160,avenue alfred grimal,27,28,-1
0196,0196,avenue alsace lorraine,68,71,-3
"",,avenue andré reinson,11,,11
0765,0765,avenue bel-air,27,26,1
1605,1605,avenue carnot,63,64,-1
1915,1915,avenue charles de gaulle,116,113,3
0355,0355,avenue d'ares,216,275,-59
1677,1677,avenue de cauderan,10,14,-4
4915,4915,avenue de labarde,95,82,13
3841,3841,avenue de la gare,40,45,-5
4531,4531,avenue de la jallère,8,4,4
7550,7550,avenue de la préservation,40,46,-6
7900,7900,avenue de la république caud,220,235,-15
5207,,avenue de laroque,2,,2
6305,6305,avenue de mérignac,28,29,-1
6405,6405,avenue de mirande,25,18,7
6410,6410,avenue de mirmont,33,37,-4
7161,,avenue de pernon,2,,2
9096,9096,avenue des 3 cardinaux,1,8,-7
7708,7708,avenue des 40 journaux,2,8,-6
0523,0523,avenue des azalées,8,9,-1
,2046,Avenue des Chênes,,8,-8
3637,,avenue des français libres,1,,1
8765,8765,avenue de strasbourg,38,38,0
9043,9043,avenue de tourville,2,13,-11
9245,9245,avenue de verdun,83,74,9
3340,3340,avenue d'eysines,68,335,-267
"",,avenue d'eysines,141,,141
2728,2728,avenue du docteur schinazi,24,31,-7
3920,3920,avenue du général leclerc,114,111,3
4730,4730,avenue du jeu de paume,42,40,2
6000,6000,avenue du maréchal de lattre de tassigny,174,181,-7
6920,6920,avenue du parc de lescure,80,82,-2
3140,3140,avenue émile counord,86,131,-45
3340,3340,avenue eysines caud,58,335,-277
3430,3430,avenue félix faure,23,29,-6
3984,3984,avenue georges clémenceau caud,27,28,-1
4705,4705,avenue jeanne d'arc,88,88,0
5366,5366,avenue léon blum,15,15,0
5620,5620,avenue louis barthou,159,150,9
"",,avenue marcel dassault,3,,3
6225,6225,avenue maurice martin,6,9,-3
6475,6475,avenue monrabeau,32,31,1
7810,7810,avenue raymond poincaré,24,23,1
8180,8180,avenue saint-amand,52,52,0
8920,8920,avenue thiers,330,322,8
9235,9235,avenue vercingétorix,34,36,-2
0080,0080,boulevard albert 1er,197,161,36
0085,0085,boulevard albert brandenburg,87,88,-1
0155,0155,boulevard alfred daney,38,45,-7
0320,0320,boulevard antoine gautier,59,63,-4
7560,7560,boulevard du président franklin roosevelt,139,145,-6
7566,7566,boulevard du président wilson,322,332,-10
4012,4012,boulevard georges pompidou,58,61,-3
,5054,Boulevard Georges Pompidou,,51,-51
3965,3965,boulevard george V,109,154,-45
4070,4070,boulevard godard,35,125,-90
4635,4635,boulevard jean jacques bosc,69,68,1
4870,4870,boulevard jules simon,91,86,5
5735,5735,boulevard ludovic trarieux,50,49,1
6005,6005,boulevard maréchal leclerc,97,97,0
7265,7265,boulevard pierre 1er,46,42,4
5030,5030,chemin lafitte,115,117,-2
6220,6220,chemin maurice lagardère,45,48,-3
7394,7394,chemin pomerol,10,34,-24
0531,0531,cité babin,23,26,-3
1291,1291,cité brulatour,16,17,-1
,A012,Cité Calvimont,,1,-1
,1705,Cité Cazalet,,4,-4
1855,1855,cité chantecrit,8,7,1
,2060,Cité Christian Solar,,32,-32
2102,,cité claverie,2,,2
2265,2265,cité conrad,18,13,5
2470,2470,cité dasvin de boismarin,22,34,-12
A017,A017,cité de caulet,20,23,-3
1684,1684,cité de caulet,4,4,0
0820,0820,cité de la benatte,1,1,0
8740,8740,cité de la souys,6,4,2
9015,9015,cité de la touratte,23,17,6
,5006,Cité de l'Eglise Saint Augustin,,60,-60
3103,3103,cité de l'église saint-augustin,56,62,-6
5559,5559,cité de lisbonne,40,31,9
,3559,Cité des Fleurs,,2,-2
6815,6815,cité des ormières,3,3,0
"",,cité des pêcheurs,1,,1
9152,9152,cité de vadelaincourt,33,31,2
2230,2230,cité du commerce,6,6,0
"",,cité ducos,1,,1
3540,3540,cité du fils,1,3,-2
2890,2890,cité dugay,11,11,0
2900,2900,cité dulamon 196 sainte-catherine,2,7,-5
2925,2925,cité dunoyer,19,19,0
2938,2938,cité du périer,74,37,37
3015,3015,cité dutrey,50,53,-3
3415,3415,cité feaugas,11,12,-1
,3885,Cité Gauthier,,8,-8
,4165,Cité Gratecap,,1,-1
,4965,Cité Laclaverie,,1,-1
5040,5040,cité lafon,53,86,-33
,6085,Cité Marsan,,16,-16
6105,6105,cité martin videau,9,7,2
6484,6484,cité montagut,6,9,-3
6600,6600,cité mouneyra,25,25,0
7235,7235,cité peyronneaud,41,41,0
7850,7850,cité reinette,61,67,-6
8055,,cité roques,1,,1
8310,8310,cité saint-martin,21,15,6
,8546,Cité Saugeon,,20,-20
8735,8735,cité souriaux,19,18,1
8955,8955,cité tirepois,5,3,2
9428,9428,cité vincent thuron,5,5,0
,9427,Cité Vincent Thuron,,1,-1
0250,0250,cours anatole france,24,24,0
0370,0370,cours aristide briand,107,108,-1
0570,0570,cours balguerie stuttenberg,231,246,-15
0595,0595,cours barbey,9,4,5
1904,1904,cours charles bricaud,4,1,3
0120,0120,cours d'albret,83,77,6
0200,0200,cours d'alsace et lorraine,111,125,-14
4110,4110,cours de gourgue,12,12,0
5515,5515,cours de la libération,59,60,-1
6065,6065,cours de la marne,231,221,10
6115,6115,cours de la martinique,82,90,-8
0365,0365,cours de l'argonne,243,240,3
8705,8705,cours de la somme,354,348,6
4510,4510,cours de l'intendance,71,65,6
5760,5760,cours de luze,32,31,1
9500,9500,cours de l'yser,225,229,-4
"",,cours de quebec,8,,8
,7711,Cours de Québec,,1,-1
0438,0438,cours des aubiers,18,1,17
,0437,Cours des Aubiers,,14,-14
9025,9025,cours de tournon,19,18,1
9250,9250,cours de verdun,105,107,-2
9075,9075,cours du 30 juillet,13,12,1
1875,1875,cours du chapeau rouge,38,39,-1
5975,5975,cours du maréchal foch,33,33,0
5990,5990,cours du maréchal gallieni,127,133,-6
6265,6265,cours du médoc,182,177,5
2960,2960,cours dupré saint-maur,18,27,-9
7755,7755,cours du raccordement,12,11,1
3090,3090,cours édouard vaillant,63,59,4
3325,3325,cours evrard de fayolle,29,37,-8
3985,3985,cours georges clémenceau,77,76,1
4355,,cours henri brunet,4,,4
4800,4800,cours journu auber,114,132,-18
4847,,cours jules ladoumegue,1,,1
5425,5425,cours le rouzic,80,84,-4
5665,5665,cours louis fargue,26,7,19
5915,5915,cours marc nouaux,80,85,-5
1905,,cours marc nouaux,1,,1
5998,5998,cours maréchal juin,58,56,2
6980,6980,cours pasteur,72,73,-1
7460,7460,cours portal,75,74,1
8285,8285,cours saint-louis,157,139,18
0755,0755,cours victor hugo,1,333,-332
9315,9315,cours victor hugo,138,149,-11
9490,9490,cours xavier arnozan,48,47,1
3624,3624,cours xavier arnozan,1,1,0
2530,2530,impasse 1ère delbos,9,7,2
2535,2535,impasse 2e delbos,2,2,0
0165,0165,impasse alfred molina,11,11,0
0430,0430,impasse astie cère,10,7,3
0600,0600,impasse barbot,6,7,-1
0615,0615,impasse bardos,10,9,1
,0644,Impasse Barreyre,,2,-2
0643,0643,impasse barreyre deuxième,14,1,13
0657,0657,impasse basque,3,2,1
0890,0890,impasse berthus,17,19,-2
0950,0950,impasse birouette,6,13,-7
"",,impasse bobillot,1,,1
,1000,Impasse Bobillot,,1,-1
1040,1040,impasse bon gre mal gre,7,8,-1
1135,1135,impasse bouquière,2,2,0
1160,1160,impasse bouscatier,8,8,0
1170,1170,impasse bouthier,12,11,1
1290,1290,impasse brulatour,9,8,1
1325,1325,impasse buscaillet,2,2,0
1365,1365,impasse caillabet,5,3,2
1372,1372,impasse caillou,7,8,-1
1780,1780,impasse cestas,8,9,-1
1786,1786,impasse cézanne,3,3,0
1835,1835,impasse chanau,17,15,2
2110,2110,impasse clémenceau,6,5,1
2155,2155,impasse coli,3,4,-1
2270,2270,impasse conrad,5,7,-2
2285,2285,impasse conti,8,8,0
0060,0060,impasse d'agen,40,42,-2
"",,impasse darnal,1,,1
,2455,Impasse Darnal,,1,-1
4892,4892,impasse de kater,5,1,4
0825,,impasse de la benatte,2,,2
3720,3720,impasse de la fraternité,15,15,0
6280,6280,impasse de la merci,4,6,-2
7395,7395,impasse de la pomme d'or,4,8,-4
7525,7525,impasse de la prairie,9,8,1
"",,impasse de lestonnat,2,,2
,5440,Impasse de Lestonnat,,3,-3
5441,5441,impasse de lestonnat caud,6,9,-3
4402,4402,impasse de l'hermitage,4,8,-4
6055,6055,impasse de marmande,12,14,-2
6075,6075,impasse de marrakech,9,9,0
7530,7530,impasse de préceinte,18,18,0
2330,2330,impasse des cossus,3,4,-1
3825,3825,impasse des gants,12,12,0
6385,6385,impasse des minimettes,3,3,0
8815,8815,impasse des tanneries,22,25,-3
9065,9065,impasse de tregey,5,1,4
2860,2860,impasse ducaule,3,2,1
2138,2138,impasse du clos des orangers,10,9,1
2365,2365,impasse du couvent,8,5,3
2713,2713,impasse du docteur jean vincent,1,3,-2
2724,2724,impasse du docteur roux,2,1,1
2889,,impasse duguay trouin,2,,2
2895,2895,impasse dulac,4,4,0
6945,6945,impasse du passage saint-georges,5,8,-3
7629,7629,impasse du professeur pachon,21,21,0
2980,2980,impasse durban,6,6,0
3130,3130,impasse elvina sivan,35,30,5
3350,3350,impasse fabelle,5,4,1
3355,3355,impasse fabreguette,5,6,-1
3370,3370,impasse falgerat,18,17,1
3390,3390,impasse faure,13,16,-3
,8930,Impasse Faure,,16,-16
3410,3410,impasse faye,6,9,-3
3435,,impasse félix faure,1,,1
3450,3450,impasse fenouil,10,12,-2
3580,3580,impasse fontaine de guillot,11,11,0
3585,3585,impasse fontan,2,3,-1
3595,3595,impasse forestier,9,12,-3
"",,impasse galilée,2,,2
3876,3876,impasse gauguin,13,13,0
3940,3940,impasse genesta,25,24,1
4030,4030,impasse germain valladon,9,10,-1
4080,4080,impasse gondalma,3,1,2
4105,4105,impasse gourdin,16,19,-3
4130,,impasse gramont,1,,1
,4175,Impasse Gratiolet,,1,-1
4230,4230,impasse guestier,6,3,3
4265,4265,impasse guiraude,1,3,-2
4480,4480,impasse hustin,7,10,-3
"",,impasse jeanne lafond,1,,1
,4667,Impasse Jeanne Lafond,,1,-1
4715,4715,impasse jeannin,12,12,0
4935,4935,impasse labottière,7,3,4
4980,4980,impasse lacoste,6,4,2
4990,4990,impasse lacroix,5,7,-2
5010,5010,impasse lafargue,6,7,-1
5035,5035,impasse lafitte,18,27,-9
"",,impasse lafon,2,,2
"",,impasse lafontaine,1,,1
5070,5070,impasse laforêt,4,8,-4
5090,5090,impasse laine,5,5,0
5255,5255,impasse laurendon,15,15,0
5280,5280,impasse laville,7,8,-1
5482,5482,impasse leyrat,6,8,-2
5685,5685,impasse louis mesplet,9,9,0
5732,5732,impasse luckner,5,4,1
5847,5847,impasse maître jean,10,16,-6
6040,6040,impasse margaux,4,4,0
6045,6045,impasse marie jeanne,8,9,-1
6050,6050,impasse marion,5,1,4
6106,6106,impasse martin videau,5,3,2
6155,6155,impasse maubec,4,3,1
6165,6165,impasse maubourguet,8,8,0
6185,6185,impasse maucouyade,4,4,0
6190,6190,impasse mauriac,6,7,-1
6425,6425,impasse mitchell,9,6,3
6560,6560,impasse morton,22,10,12
6585,,impasse moulinié,2,,2
6655,,impasse naujac,6,,6
6730,6730,impasse noël,44,44,0
,6765,Impasse Nuyens,,2,-2
7085,7085,impasse pavie,8,1,7
,7151,Impasse Perinot,,4,-4
7180,7180,impasse petit bert,3,3,0
7305,7305,impasse pierre melin,21,20,1
"",,impasse pierre paul courau,1,,1
7390,7390,impasse poitevine,2,4,-2
7510,7510,impasse poyenne,5,4,1
7770,7770,impasse râteau,10,10,0
7855,7855,impasse reinette,5,5,0
7887,7887,impasse renoir,3,3,0
7957,7957,impasse robert,4,5,-1
6691,6691,impasse rue neuve,7,8,-1
8170,8170,impasse saillan,7,6,1
8185,8185,impasse saint-amand,22,22,0
8190,8190,impasse saint-augustin,12,12,0
8375,8375,impasse sainte-cadenne,3,1,2
8385,8385,impasse sainte-catherine,2,2,0
"",,impasse sainte-croix du mont,6,,6
,8406,Impasse Sainte-Croix du Mont,,11,-11
8415,8415,impasse sainte-élisabeth,5,7,-2
"",,impasse sainte-hélène,1,,1
,8440,Impasse Sainte-Hélène,,1,-1
8445,8445,impasse sainte-luce,5,6,-1
8480,8480,impasse sainte-ursule,16,15,1
8250,8250,impasse saint-james,5,7,-2
8260,8260,impasse saint-jean,5,8,-3
8280,8280,impasse saint-lazare,3,2,1
8290,8290,impasse saint-louis,4,2,2
8300,8300,impasse saint-martial,3,3,0
"",,impasse saint-paul,3,,3
,8325,Impasse Saint-Paul,,4,-4
8330,8330,impasse saint-pierre,3,5,-2
8340,8340,impasse saint-projet,5,4,1
8495,8495,impasse sale,15,18,-3
,8535,Impasse Saubos,,2,-2
8665,8665,impasse signoret,14,14,0
8715,8715,impasse soubiran,2,5,-3
8785,8785,impasse sully,18,18,0
8840,8840,impasse taudin,1,1,0
8925,8925,impasse thomasson,4,2,2
8935,8935,impasse tiffonet,8,9,-1
9045,9045,impasse toussaint louverture,42,40,2
9290,9290,impasse victoire américaine,7,10,-3
9405,9405,impasse villedieu,2,2,0
9470,9470,impasse wilson,14,14,0
,A014,Lotissement La Benauge,,1,-1
,A024,Lotissement Le Clos des Camelias,,1,-1
1999,,parvis des chartrons,14,,14
0620,0620,passage bardos,5,5,0
0775,0775,passage bel-air,14,15,-1
0876,0876,passage bernard jabouin,3,4,-1
0895,0895,passage bertin,11,20,-9
0945,0945,passage birly,48,50,-2
"",,passage bordefranque,1,,1
1241,1241,passage bremontier,10,12,-2
1255,1255,passage brian,1,2,-1
1320,1320,passage buhan,7,7,0
1375,1375,passage cairon,30,31,-1
1490,1490,passage cantecric,1,3,-2
6865,6865,passage de la paix,3,2,1
"",,passage de l'arceau,1,,1
"",,passage de la tour de gassies,1,,1
9385,9385,passage de la villa,23,24,-1
2540,2540,passage delcruzel,9,21,-12
0661,0661,passage de l'évêché,1,9,-8
4435,4435,passage de l'hôpital,19,19,0
6925,6925,passage de paris,3,7,-4
0360,0360,passage des argentiers,7,7,0
"",,passage des graves,44,,44
,4186,Passage des Graves,,20,-20
8951,8951,passage des marronniers,4,4,0
6077,6077,passage des marronniers,6,7,-1
2610,2610,passage despujols,3,1,2
9360,9360,passage des vignerons,10,10,0
,2775,Passage Doriot,,1,-1
7680,7680,passage du puits,4,3,1
,2970,Passage Durand,,2,-2
3425,3425,passage feger,9,8,1
3440,3440,passage félix faure,3,1,2
3690,3690,passage françois ducom,20,21,-1
"",,passage fronsac,7,,7
,3756,Passage Fronsac,,6,-6
3762,3762,passage furt,8,7,1
3870,3870,passage gaugeacq,8,8,0
4200,4200,passage grenier,8,5,3
4405,4405,passage hermitte,43,54,-11
4895,4895,passage kieser,31,36,-5
5000,5000,passage lacussan,3,6,-3
5060,5060,passage lafontaine,10,18,-8
5120,5120,passage laliment,3,3,0
5445,5445,passage lestonnat,4,4,0
5474,5474,passage leydet,5,3,2
5925,5925,passage marcel,13,13,0
6110,6110,passage martin videau,4,6,-2
6540,6540,passage moreau,13,17,-4
6562,6562,passage morton,1,6,-5
,6715,Passage Nicot,,11,-11
6740,6740,passage notre-dame,5,7,-2
6760,6760,passage nungesser,5,4,1
6905,6905,passage pambrun,2,1,1
7965,7965,passage robert picque,3,7,-4
8520,8520,passage sarget,11,17,-6
8870,8870,passage terrasson,18,21,-3
9020,9020,passage tourney,13,12,1
9180,,passage vandebrande,1,,1
0730,0730,passe beaujau,6,6,0
3795,3795,passe de la galerie bordelaise,17,30,-13
7956,7956,passe robert cami,1,1,0
8485,8485,petite rue de saintonge,13,16,-3
0220,0220,place amédée larrieu,23,23,0
0235,0235,place amélie raba léon,11,10,1
0265,0265,place andré donis,9,12,-3
0295,0295,place andré meunier dit mureine,17,25,-8
0300,0300,place andré recapet,9,8,1
0610,0610,place bardineau,4,4,0
0940,0940,place bir hakeim,12,14,-2
1390,1390,place calixte camelle,10,10,0
1440,1440,place camille jullian,9,15,-6
1445,1445,place camille pelletan,8,7,1
1460,1460,place campeyraut,3,3,0
1495,1495,place canteloup,10,10,0
"",,place casablanca,6,,6
,1627,Place Casablanca,,6,-6
1940,1940,place charles gruet,22,23,-1
2395,2395,place croix de lestonnat,2,4,-2
1155,1155,place de la bourse,9,12,-3
2195,2195,place de la comédie,3,4,-1
3475,3475,place de la ferme richemont,23,26,-3
9285,9285,place de la victoire,32,35,-3
3100,3100,place de l'église saint-augustin,19,13,6
5420,5420,place delerme,7,13,-6
"",,place de lestonnat,3,,3
3320,3320,place de l'europe,7,10,-3
5485,5485,place de leyre,13,8,5
6808,6808,place de l'orme,9,11,-2
6570,,place de moscou,1,,1
1555,1555,place des capucins,49,53,-4
1735,1735,place des cèdres,11,11,0
4150,4150,place des grands hommes,13,12,1
5210,5210,place des martyrs de la résistance,1,12,-11
6120,6120,place des martyrs de la résistance,65,66,-1
7730,7730,place des quinconces,20,18,2
8755,8755,place de stalingrad,25,27,-2
9095,9095,place des tridons,4,2,2
9170,9170,place de valmy,4,6,-2
6795,,place du 11 novembre,1,,1
7710,7710,place du 14 juillet,2,1,1
2845,2845,place duburg,6,7,-1
1528,,place du capitaine dutertre,1,,1
1565,1565,place du cardinal donnet,3,3,0
1820,1820,place du champ de mars,7,9,-2
1885,1885,place du chapelet,2,3,-1
2180,2180,place du colonel raynal,3,6,-3
2800,2800,place du doyen poplawski,4,4,0
5960,5960,place du marche des chartrons,9,10,-1
6175,6175,place du maucaillou,16,18,-2
6870,6870,place du palais,20,21,-1
6930,6930,place du parlement,16,17,-1
7520,7520,place du pradeau,5,6,-1
3465,3465,place ferdinand buisson,13,16,-3
3505,3505,place fernand lafargue,15,17,-2
3648,3648,place francis de pressense,6,8,-2
3733,3733,place frédéric ozanam,12,11,1
3778,3778,place gabriel,4,4,0
"",,place gabriel delaunay,2,,2
,3782,Place Gabriel Delaunay,,2,-2
"",,place gabriel fauré,1,,1
,3779,Place Gabriel Faure Caud,,1,-1
3810,3810,place gambetta,42,44,-2
3890,3890,place gavinies,7,6,1
3930,3930,place général sarrail,5,5,0
4000,4000,place georges de porto riche,4,4,0
4350,4350,place henri barkhausen,3,3,0
"",,place jean cayrol,2,,2
"",,place jean jacques rabaud,1,,1
4650,4650,place jean jaurès,10,10,0
4665,4665,place jean moulin,4,5,-1
4740,4740,place johnston,5,5,0
,5095,Place Lainé,,1,-1
5330,5330,place lehu,1,1,0
5375,5375,place léon duguit,7,7,0
5600,5600,place longchamps,5,4,1
5626,5626,place louis barthou,16,14,2
5730,5730,place lucien victor meunier,6,5,1
5775,,place mabit,1,,1
6030,6030,place mareilhac,11,14,-3
6355,6355,place meynard,15,15,0
6430,6430,place mitchell,9,8,1
6645,6645,place nansouty,2,2,0
7035,7035,place paul doumer,14,14,0
6997,6997,place paul et jean paul avisseau,14,11,3
7215,7215,place pey berland,39,37,2
7245,7245,place philippe lebon,7,8,-1
7295,7295,place pierre jacques dormoy,18,16,2
7320,7320,place pierre renaudel,8,8,0
7695,7695,place puy paulin,11,12,-1
7785,7785,place ravezies,8,8,0
,7795,Place Raymond Colom,,2,-2
7875,7875,place rené maran,4,1,3
7990,7990,place rodesse,4,4,0
"",,place rohan,2,,2
,8030,Place Rohan,,3,-3
8200,8200,place saint-christoly,4,2,2
8425,8425,place sainte-eulalie,17,17,0
"",,place saint-julien,5,,5
,8273,Place Saint-Julien,,5,-5
8305,8305,place saint-martial,27,27,0
8335,8335,place saint-pierre,9,9,0
8345,8345,place saint-projet,7,8,-1
8670,8670,place simiot,21,23,-2
8825,8825,place tartas,8,8,0
9035,9035,place tourny,9,10,-1
,7420,Pont du Guit,,1,-1
2068,2068,promenade de la cité,14,4,10
0400,0400,quai armand lalande,2,2,0
0540,0540,quai de bacalan,101,93,8
1230,1230,quai de brazza,70,89,-19
1262,1262,quai de brienne,10,19,-9
2780,2780,quai de la douane,9,9,0
4185,4185,quai de la grave,7,7,0
6465,6465,quai de la monnaie,31,29,2
8745,8745,quai de la souys,33,33,0
6900,6900,quai de paludate,61,81,-20
2590,2590,quai deschamps,24,20,4
2000,2000,quai des chartrons,154,142,12
7720,7720,quai des queyries,29,56,-27
8500,8500,quai des salinières,23,23,0
6070,6070,quai du maroc,1,4,-3
4465,4465,quai hubert prom,3,2,1
5615,5615,quai louis XVIII,12,14,-2
7940,7940,quai richelieu,57,58,-1
8405,8405,quai sainte-croix,18,17,1
,5088,Résidence Bel-Air Caud,,1,-1
3340,3340,résidence hipparion,16,335,-319
,A110,Résidence Marly,,30,-30
8985,8985,route de toulouse,52,65,-13
4477,4477,rue 8e régiment infanterie,18,19,-1
0015,0015,rue abbé de l'epée,74,76,-2
0035,0035,rue achard,97,112,-15
0045,0045,rue adolphe châles,13,14,-1
0050,0050,rue adolphe d'eichtal,8,8,0
0055,0055,rue adrien baysselance,53,53,0
0066,0066,rue agis chety,25,25,0
0075,0075,rue albert,25,27,-2
"",,rue albert camus,1,,1
,0087,Rue Albert Camus,,1,-1
0090,0090,rue albert de mun,36,35,1
0095,0095,rue albert marquet,15,17,-2
0100,0100,rue albert nodon,15,16,-1
0105,0105,rue albert pitres,66,80,-14
0115,0115,rue albert thomas,11,13,-2
0110,0110,rue albert tournier,36,39,-3
0127,0127,rue alexander fleming,20,11,9
,0130,Rue Alexis Millardet,,2,-2
0135,0135,rue alfred dalancourt,16,12,4
0140,0140,rue alfred de musset caud,26,28,-2
0145,0145,rue alfred de vigny,39,39,0
0158,0158,rue alfred duprat,9,10,-1
0170,0170,rue alfred poirier,18,19,-1
0175,0175,rue alfred smith,21,31,-10
0190,0190,rue alphonse de lamartine,10,12,-2
0185,0185,rue alphonse dupeux,7,8,-1
0210,0210,rue ambroise,30,31,-1
0225,0225,rue amédée saint-germain,133,117,16
0230,0230,rue amélie,17,17,0
0240,0240,rue ampère,5,6,-1
0245,0245,rue anatole france,12,12,0
0255,0255,rue andré,25,23,2
0256,0256,rue andré bac,15,20,-5
0258,0258,rue andré caverne,28,30,-2
0259,0259,rue andré darbon,13,10,3
0260,0260,rue andré degain,24,31,-7
0270,0270,rue andré dumercq,9,12,-3
0299,0299,rue andrée tamise,44,40,4
0275,0275,rue andré hible,16,15,1
0285,0285,rue andré lamande,37,36,1
0290,0290,rue andré maginot,30,33,-3
0303,0303,rue andré seguin,66,38,28
0305,0305,rue andronne,34,34,0
0312,0312,rue anne frank,41,47,-6
5040,5040,rue anne frank,13,86,-73
0315,0315,rue antoine dupuch,29,36,-7
,0325,Rue Antoine Jourde,,1,-1
0330,0330,rue antoine monier,55,53,2
0340,0340,rue arago,114,115,-1
0372,,rue aristide sousa mendès,7,,7
0385,0385,rue armand caduc,33,34,-1
0390,0390,rue armand dulamon,59,58,1
0394,0394,rue armand got,14,14,0
0395,0395,rue armand lamarque,38,39,-1
0405,0405,rue arnaud miqueu,38,41,-3
0416,0416,rue arthur rimbaud,7,7,0
0417,0417,rue artiguemale,19,17,2
0450,0450,rue audubert,38,40,-2
0455,0455,rue auguin,4,8,-4
0460,0460,rue auguste brutails,27,33,-6
0465,0465,rue auguste couat,10,13,-3
0470,0470,rue auguste merillon,29,31,-2
0475,0475,rue auguste poirson,19,19,0
0490,0490,rue aurélien scholl,17,18,-1
0495,0495,rue ausone,38,38,0
0505,0505,rue avelane,34,34,0
,0506,Rue Avelane,,33,-33
0525,0525,rue azam,27,27,0
0530,0530,rue babin,29,60,-31
0537,0537,rue bac ninh,9,14,-5
"",,rue bahr,1,,1
,0545,Rue Bahr,,1,-1
0555,0555,rue bâillon,14,17,-3
0590,0590,rue barada,19,19,0
0625,0625,rue barennes,42,43,-1
0630,0630,rue barillet deschamps,44,44,0
0640,0640,rue barrau,13,16,-3
0645,0645,rue barreyre,121,136,-15
0655,0655,rue barthélémy,15,15,0
0660,0660,rue basque caud,27,31,-4
0670,0670,rue baste,34,35,-1
0675,0675,rue batailley,21,19,2
0680,0680,rue baudrimont,28,33,-5
0685,0685,rue baudry lacantinerie,99,101,-2
0690,0690,rue bauducheu,145,149,-4
0695,0695,rue baurein,11,12,-1
"",,rue bavard,45,,45
,0700,Rue Bavard,,40,-40
0715,0715,rue bazemont,31,32,-1
0720,0720,rue beaubadat,10,11,-1
0725,0725,rue beaufleury,66,70,-4
0735,0735,rue beautiran,19,19,0
0379,,rue beck,1,,1
0750,0750,rue beck,12,19,-7
0777,0777,rue bel-air,21,22,-1
0795,0795,rue belle étoile,22,29,-7
0805,0805,rue belleville,59,58,1
0815,0815,rue bellus mareilhac,57,51,6
0845,0845,rue bense,4,5,-1
0850,0850,rue béranger,55,53,2
0860,0860,rue bergeon,28,32,-4
0855,0855,rue bergeret,49,50,-1
0870,0870,rue bernard adour,114,118,-4
0875,0875,rue bernard carmouze,11,12,-1
0880,0880,rue berrouet,5,7,-2
0885,0885,rue berruer,172,177,-5
"",,rue bertin,1,,1
,0896,Rue Bertin,,1,-1
0900,0900,rue bertrand andrieu,29,33,-4
0905,0905,rue bertrand de goth,141,152,-11
0911,0911,rue beyssac,22,22,0
0920,0920,rue bigot,25,32,-7
0925,0925,rue bigourdan,17,16,1
0930,0930,rue billaudel,121,134,-13
0935,0935,rue binaud,115,118,-3
0955,0955,rue blaise pascal,54,55,-1
0960,0960,rue blanc dutrouilh,17,18,-1
0965,0965,rue blanchard latour,52,52,0
0970,0970,rue blanche,31,35,-4
0980,0980,rue blanqui,167,180,-13
1005,1005,rue bobillot,19,21,-2
1025,1025,rue boileau,9,9,0
1030,1030,rue boistaud,13,12,1
1035,1035,rue bolivar,12,10,2
5420,5420,rue bongrand,1,13,-12
1045,1045,rue bongrand,23,24,-1
"",,rue bonnaffe,2,,2
,1050,Rue Bonnaffé,,5,-5
1055,1055,rue bonnefin,104,104,0
1060,1060,rue borda,38,32,6
1080,1080,rue borie,69,69,0
1090,1090,rue bossuet,35,33,2
1100,1100,rue boudet,44,45,-1
1105,1105,rue bouffard,49,50,-1
1107,1107,rue bougainville,1,9,-8
1110,1110,rue bouguereau,12,11,1
1120,1120,rue boulan,19,23,-4
1125,,rue boulanger,2,,2
1140,1140,rue bouquière,57,60,-3
1145,1145,rue bourbon,80,103,-23
1175,1175,rue bouthier,41,45,-4
1230,1230,rue bouthier,1,89,-88
1180,1180,rue boutin,54,54,0
1190,1190,rue boyer,45,45,0
1200,1200,rue brachet,25,26,-1
1205,1205,rue bradley,30,31,-1
1210,1210,rue bragard,11,15,-4
1225,1225,rue brascassat,27,18,9
1235,1235,rue bréau,41,40,1
1240,1240,rue bremontier,49,51,-2
,1245,Rue Brenet,,1,-1
1257,1257,rue brian,16,15,1
1270,1270,rue brizard,75,77,-2
1285,1285,rue brulatour,34,32,2
1295,1295,rue brun,33,34,-1
1300,1300,rue buchou,33,32,1
1310,1310,rue buffon,10,11,-1
1315,1315,rue buhan,40,41,-1
1330,1330,rue cabanac,12,17,-5
1340,1340,rue cabirol,8,10,-2
1355,1355,rue cadroin,54,57,-3
1370,1370,rue caillou,51,49,2
1385,1385,rue calendrin,19,16,3
1395,1395,rue calve,46,49,-3
1400,1400,rue calvimont,21,21,0
1405,1405,rue cambon,16,21,-5
1415,1415,rue camena d'almeida,76,75,1
"",,rue camille claudel,4,,4
1430,1430,rue camille flammarion,104,111,-7
1435,1435,rue camille godard,219,219,0
1448,1448,rue camille renouil,13,14,-1
1450,1450,rue camille saint-saëns,46,26,20
1451,1451,rue camille saint-saëns caud,18,18,0
1455,1455,rue camille sauvageau,91,103,-12
1475,1475,rue canihac,14,19,-5
1480,1480,rue canis,9,13,-4
1500,1500,rue cantemerle,26,30,-4
1510,1510,rue capdeville,51,46,5
1533,,rue capitaine kléber dupuy,4,,4
1535,1535,rue capitaine madon,14,15,-1
1540,1540,rue capitaine montauban,9,11,-2
,5109,Rue Capit. Philippe Koenigswerther,,12,-12
1560,1560,rue carbonneau,24,25,-1
1585,1585,rue carle vernet,57,72,-15
1610,1610,rue carpenteyre,63,80,-17
1620,1620,rue carruade,12,14,-2
1625,1625,rue carton,23,32,-9
1630,1630,rue cassignard,36,36,0
1635,1635,rue cassignol,10,17,-7
1640,1640,rue casteja,30,31,-1
1645,1645,rue castelmoron,11,12,-1
1650,1650,rue castelnau d'auros,13,15,-2
1655,1655,rue castillon,23,21,2
1328,1328,rue catherine et william booth,13,14,-1
1667,1667,rue catros gerand,20,21,-1
1670,1670,rue catulle mendès,40,40,0
1687,1687,rue caussade,19,20,-1
1710,1710,rue cazalis,18,16,2
1715,1715,rue cazaubon,4,9,-5
1720,1720,rue cazeaux,21,19,2
1725,1725,rue cazemajor,50,51,-1
1730,1730,rue cazenave,60,61,-1
"",,rue cellier,3,,3
1765,1765,rue cerey,48,48,0
1790,1790,rue chabrely,50,47,3
1795,1795,rue chabry,35,35,0
1805,1805,rue chaigneau,15,15,0
1825,1825,rue champion de cice,4,4,0
1830,1830,rue champlain,19,19,0
,1850,Rue Chanoine Vidal,,19,-19
1855,1855,rue chantecrit,1,7,-6
1860,1860,rue chantecrit,73,73,0
1870,1870,rue chantre,18,17,1
1903,1903,rue charles baudelaire,6,6,0
1910,1910,rue charles chaumet,47,53,-6
1930,1930,rue charles domercq,32,41,-9
1939,1939,rue charles gounod,5,5,0
1945,1945,rue charles lamoureux,7,10,-3
1950,1950,rue charles leveque,23,21,2
1955,1955,rue charles marionneau,32,34,-2
1960,1960,rue charles martin,66,65,1
1965,1965,rue charles monselet,44,44,0
1970,1970,rue charles péguy,22,22,0
1975,1975,rue charles puyo,29,32,-3
1977,1977,rue charles tournemire,11,12,-1
1978,1978,rue charles versein,9,10,-1
1980,1980,rue charlevoix de villers,21,23,-2
1985,1985,rue charpentier,56,50,6
2035,2035,rue chauffour,51,52,-1
2040,2040,rue cheminade,15,14,1
2050,2050,rue chevalier,56,63,-7
2055,2055,rue cheverus,37,38,-1
2059,2059,rue christian solar,45,37,8
2065,2065,rue christine,9,10,-1
6550,6550,Rue Cité Morion,3,3,0
2070,2070,rue claire,24,21,3
2080,2080,rue clare,19,20,-1
2085,2085,rue claude bernard caud,29,33,-4
1916,1916,rue claude bonnier,3,20,-17
3917,,rue claude bonnier,1,,1
2087,2087,rue claude bonnier,5,9,-4
2090,2090,rue claude boucher,12,18,-6
2095,2095,rue claude debussy,9,8,1
2100,2100,rue claude taffanel,30,32,-2
2105,2105,rue cleirac,2,2,0
2115,2115,rue clément,67,71,-4
,2120,Rue Clément Thomas,,4,-4
2125,2125,rue cleo,9,9,0
2130,2130,rue clérambault,56,53,3
2145,2145,rue coiffard,12,13,-1
2150,2150,rue colbert,45,45,0
2153,2153,rue colette,1,2,-1
2178,2178,rue colonel grandier-vazeille,64,69,-5
2185,2185,rue comayrou,9,8,1
2205,2205,rue commandant charcot,44,36,8
2206,2206,rue commandant charcot caud,53,52,1
2210,2210,rue commandant guilbaud,8,9,-1
2245,2245,rue condillac,38,54,-16
2256,2256,rue condorcet,88,84,4
2275,2275,rue conrad gaussen,19,17,2
2280,2280,rue constantin,35,37,-2
2290,2290,rue contrescarpe,13,19,-6
2300,2300,rue corcelle,7,8,-1
2310,2310,rue cornac,35,35,0
2320,2320,rue corneille,1,1,0
2325,2325,rue corot,68,30,38
2326,2326,rue corot caud,12,36,-24
1916,1916,rue corps franc pommies,1,20,-19
2328,2328,rue corps franc pommies,4,1,3
7918,,rue corps franc pommies,1,,1
2335,2335,rue cotrel,33,33,0
2340,2340,rue courbin,12,12,0
2346,2346,rue courpon,2,1,1
2360,2360,rue cousin,6,7,-1
2375,2375,rue crampel,21,22,-1
2380,2380,rue crémer,43,45,-2
2405,2405,rue crozilhac,5,4,1
2410,2410,rue cruchinet,35,36,-1
2425,2425,rue cyrano,29,34,-5
2430,2430,rue dabadie,14,15,-1
0062,0062,rue d'agen,91,91,0
0125,0125,rue d'alembert,7,11,-4
0205,0205,rue d'alzon,42,45,-3
2440,2440,rue daniel guestier,6,6,0
0311,0311,rue d'anjou,19,18,1
0345,0345,rue d'arcachon,47,49,-2
2450,2450,rue dardenne,11,10,1
0377,0377,rue d'arlac,11,12,-1
0380,0380,rue d'armagnac,15,13,2
2460,2460,rue darnal,23,26,-3
"",,rue d'artagnan,3,,3
,0412,Rue d'Artagnan,,6,-6
2465,2465,rue dasvin,2,8,-6
0435,0435,rue d'aubidey,73,79,-6
0445,0445,rue d'audenge,30,32,-2
0485,0485,rue d'auperie,70,68,2
2480,2480,rue dauphine,26,28,-2
2475,2475,rue dauphine,3,3,0
0500,0500,rue d'austerlitz,20,24,-4
2485,2485,rue dauzats,55,61,-6
0515,0515,rue d'aviau,46,45,1
2495,2495,rue david gradis,9,9,0
2500,2500,rue david johnston,183,187,-4
2505,2505,rue david raynal,17,15,2
0565,0565,rue de balaclava,26,29,-3
0650,0650,rue de barsac,18,21,-3
0710,0710,rue de bazas,5,4,1
0755,0755,rue de bègles,344,333,11
0760,0760,rue de beira,6,7,-1
0780,0780,rue de belcier,5,22,-17
0785,0785,rue de belfort,79,90,-11
0790,0790,rue de belgique,26,27,-1
0770,0770,rue de bel orme,33,35,-2
0865,0865,rue de berliquet,3,20,-17
0910,0910,rue de bethmann,33,42,-9
0915,0915,rue de béziers,20,22,-2
0975,0975,rue de blanquefort,26,27,-1
0985,0985,rue de blaye,21,18,3
1130,1130,rue de bouliac,29,28,1
1150,1150,rue de bourillon,4,4,0
1195,1195,rue de brach,96,103,-7
1250,1250,rue de brezets,27,27,0
1275,1275,rue de bruges,18,16,2
,1280,Rue de Bruges,,15,-15
1305,1305,rue de budos,14,15,-1
1350,1350,rue de cadaujac,32,32,0
1380,1380,rue de calembert,10,9,1
1462,1462,rue de campeyraut,60,61,-1
1470,1470,rue de candale,26,26,0
1485,1485,rue de canolle,16,18,-2
1505,1505,rue de cantenac,3,2,1
"",,rue de capeyron caud,15,,15
1526,1526,rue de capeyron caud,70,79,-9
1526,1526,Rue de Capeyron Caud,3,79,-76
1580,1580,rue de cardoze,55,57,-2
1615,1615,rue de carros,46,51,-5
1665,1665,rue de catros,36,37,-1
1675,1675,rue de cauderan,72,75,-3
1680,1680,rue de caudères,45,68,-23
1695,1695,rue de causserouge,19,20,-1
1750,1750,rue de cénac,30,30,0
1755,1755,rue de cenon,25,25,0
,1762,Rue de Centujean,,1,-1
1775,1775,rue de cérons,25,25,0
1785,1785,rue de cestas,35,41,-6
1815,1815,rue de chambrun,13,15,-2
2025,2025,rue de châteaudun,39,39,0
2030,2030,rue de châteauneuf,37,40,-3
2075,2075,rue de clairefontaine,12,11,1
2175,2175,rue de colmar,37,37,0
2240,2240,rue de condé,10,10,0
2385,2385,rue de créon,7,6,1
2415,2415,rue de cursol,35,38,-3
2650,2650,rue de deyme,19,19,0
2680,2680,rue de dijon,22,29,-7
2765,2765,rue de domremy,19,21,-2
2785,2785,rue de doumerc,46,50,-4
3525,3525,rue de ferron,35,37,-2
3560,3560,rue de fleurus,7,8,-1
3760,3760,rue de fumel,15,17,-2
3790,3790,rue de galard,20,21,-1
3880,3880,rue de gaulne,11,13,-2
4045,4045,rue de gironde,1,1,0
4135,4135,rue de gramont,48,47,1
4160,4160,rue de grassi,30,29,1
4240,4240,rue de guienne,18,18,0
4260,4260,rue de guillot,12,12,0
4460,4460,rue de hourtins,29,31,-2
4535,4535,rue de janeau,43,42,1
4890,4890,rue de kater,37,44,-7
0010,0010,rue de l'abattoir,7,8,-1
0020,0020,rue de l'abbesse,19,24,-5
0745,0745,rue de la bechade,48,47,1
0830,0830,rue de la benatte,71,69,2
0835,0835,rue de la benauge,226,227,-1
1015,1015,rue de la boétie,32,35,-3
4945,4945,rue de labrede,38,38,0
1360,1360,rue de la cage verte,28,31,-3
4955,4955,rue de lacanau,96,43,53
4956,4956,rue de lacanau caud,59,82,-23
1515,1515,rue de la cape,31,24,7
1900,1900,rue de la chapelle saint-jean,3,4,-1
2235,2235,rue de la concorde,23,22,1
2295,2295,rue de la coquille,4,3,1
2350,2350,rue de la cour des aides,10,11,-1
2355,2355,rue de la course,90,88,2
2515,2515,rue delacroix,46,16,30
2390,2390,rue de la croix blanche,106,100,6
2400,2400,rue de la croix de seguey,151,152,-1
2640,2640,rue de la devèze,4,12,-8
2645,2645,rue de la devise,54,58,-4
5005,5005,rue de ladous,23,26,-3
3365,3365,rue de la faïencerie,18,32,-14
3640,3640,rue de la franchise,45,45,0
3770,3770,rue de la fusterie,47,52,-5
4305,4305,rue de la halle,8,17,-9
4530,4530,rue de la jalle,17,21,-4
5105,5105,rue de lajaunie,4,14,-10
5115,5115,rue de lalande,30,39,-9
5520,5520,rue de la liberté,80,98,-18
5840,5840,rue de la maison daurade,8,11,-3
5895,5895,rue de la manutention,15,17,-2
6285,6285,rue de la merci,13,13,0
6415,6415,rue de la miséricorde,6,7,-1
5160,5160,rue de landiras,72,77,-5
2520,2520,rue delandre,9,12,-3
5175,5175,rue de langon,34,35,-1
6861,6861,rue de la paix caud,48,49,-1
6965,6965,rue de la passerelle,5,7,-2
7115,7115,rue de la pelouse de douet,64,73,-9
7370,7370,rue de la plateforme,17,23,-6
7465,7465,rue de la porte basse,16,19,-3
7470,7470,rue de la porte cailhau,6,5,1
7480,7480,rue de la porte dijeaux,81,84,-3
7490,7490,rue de la porte saint-jean,3,4,-1
7575,7575,rue de la prévôté,29,30,-1
7865,7865,rue de la renaissance,19,18,1
5198,5198,rue de la réole,64,60,4
X040,,rue de la rotonde,1,,1
8090,8090,rue de la rotonde,14,16,-2
8120,8120,rue de la rousselle,72,76,-4
0410,0410,rue de l'arsenal,41,43,-2
8530,8530,rue de la sau,12,12,0
5220,5220,rue de laseppe,103,102,1
0425,0425,rue de l'asile,8,8,0
8730,8730,rue de la source,6,6,0
9000,9000,rue de la tour de gassies,12,13,-1
9005,9005,rue de la tour du pin,17,27,-10
5238,5238,rue de la tresne,33,29,4
5270,5270,rue de lauzac,40,40,0
,9145,Rue de la Vache,,3,-3
5275,5275,rue de lavaud,59,61,-2
0510,0510,rue de l'avenir,21,16,5
9260,9260,rue de la verrerie,35,28,7
9350,9350,rue de la vieille tour,29,31,-2
9395,9395,rue de la ville de mirmont,21,23,-2
2525,2525,rue delbos,56,58,-2
3030,3030,rue de l'école,9,7,2
6495,6495,rue de l'école,1,1,0
3040,3040,rue de l'école normale,163,165,-2
3095,3095,rue de l'église,13,12,1
5340,5340,rue de lentillac,3,5,-2
5355,5355,rue de léognan,4,6,-2
5430,5430,rue de lescure,41,53,-12
5435,5435,rue de lesparre,8,9,-1
5470,5470,rue de leybardie,69,55,14
2545,2545,rue delf,7,9,-2
4400,4400,rue de l'hermitage,73,72,1
4455,4455,rue de l'hôtel de ville,4,3,1
5531,5531,rue de libourne,101,73,28
,5525,Rue de Libourne,,101,-101
4490,4490,rue de l'île,15,14,1
5555,5555,rue de lille,11,15,-4
4500,4500,rue de l'industrie,6,6,0
5570,5570,rue de lisleferme,51,53,-2
2550,2550,rue delmestre,9,10,-1
6780,6780,rue de l'observance,15,16,-1
2555,2555,rue delord,85,74,11
6810,6810,rue de l'ormeau mort,19,22,-3
5715,5715,rue de luchey,9,15,-6
5755,5755,rue de lurbe,39,37,2
,2560,Rue de Lurbe,,38,-38
5770,5770,rue de lyon,65,66,-1
5790,5790,rue de macau,56,58,-2
5800,5800,rue de madagascar,11,9,2
5815,5815,rue de madrid,58,59,-1
5835,5835,rue de mahela,48,45,3
5845,5845,rue de maître jean,31,53,-22
5850,5850,rue de majunga,28,28,0
6060,6060,rue de marmande,102,104,-2
6095,6095,rue de marseille,82,87,-5
6310,6310,rue de mérignac,15,15,0
6345,6345,rue de metz,50,48,2
6595,6595,rue de moulis,15,15,0
6630,6630,rue de mulhouse,43,44,-1
6640,6640,rue de nadeau,17,20,-3
6650,6650,rue de nantes,6,6,0
6670,6670,rue de navarre,38,43,-5
6675,6675,rue de nérac,78,78,0
6700,6700,rue de new york,39,36,3
3200,3200,rue d'enghien,10,14,-4
2565,2565,rue denise,55,52,3
6755,6755,rue de nuits,57,57,0
6985,6985,rue de patay,84,86,-2
6990,6990,rue de pauillac,27,29,-2
2575,2575,rue depe,48,43,5
7175,7175,rue de pessac,225,222,3
7340,7340,rue de pineau,9,11,-2
"",,rue de plantevigne,1,,1
,7365,Rue de Plantevigne,,1,-1
7535,7535,rue de preignac,37,38,-1
7945,7945,rue de rigoulet,75,69,6
7955,7955,rue de rivière,80,83,-3
8125,8125,rue de ruât,47,48,-1
2630,2630,rue des 2 ormeaux,19,21,-2
9100,9100,rue des 3 chandeliers,12,15,-3
9105,9105,rue des 3 conils,58,63,-5
0026,0026,rue des acacias caud,13,13,0
8150,8150,rue de saget,27,44,-17
8165,8165,rue de saïgon,22,19,3
8175,8175,rue de saincric,18,19,-1
8210,8210,rue de saint-émilion,21,20,1
8295,8295,rue de saint-macaire,35,39,-4
8490,8490,rue de saintonge,20,27,-7
0180,0180,rue des allamandiers,16,18,-2
"",,rue des anciens combattants d'afrique,5,,5
0362,0362,rue des argentiers,35,37,-2
0423,0423,rue des arts,26,26,0
0480,0480,rue des augustins,40,39,1
8560,8560,rue de sauternes,35,35,0
0520,0520,rue des ayres,53,53,0
0550,0550,rue des bahutiers,46,49,-3
0740,0740,rue des beaux arts,11,11,0
0800,0800,rue des belles îles,17,21,-4
0840,0840,rue des bénédictines,4,5,-1
2580,2580,rue desbiey,54,54,0
0995,0995,rue des bleuets,45,45,0
1095,1095,rue des boucheries,4,5,-1
1185,1185,rue des bouviers,39,41,-2
1410,1410,rue des camélias,9,9,0
1520,1520,rue des caperans,18,24,-6
1550,1550,rue des capucines,9,9,0
1595,1595,rue des carmes,20,28,-8
2585,2585,rue descartes,57,55,2
1740,1740,rue des cèdres,15,16,-1
2045,2045,rue des chênes lièges,46,43,3
2305,2305,rue des cordeliers,18,20,-2
2790,2790,rue des douves,45,50,-5
3045,3045,rue des écoles,37,38,-1
8605,8605,rue de ségur,97,101,-4
3195,3195,rue des enfants assistes,6,6,0
3255,3255,rue des étables,12,11,1
8650,8650,rue de sète,25,30,-5
3290,3290,rue des étrangers,7,12,-5
3295,3295,rue des étuves,13,23,-10
8655,8655,rue de seze,4,5,-1
3395,3395,rue des faures,67,68,-1
3400,3400,rue des faussets,23,23,0
3405,3405,rue des fauvettes,27,29,-2
2595,2595,rue desfourniel,25,27,-2
3615,3615,rue des fours,22,28,-6
3740,3740,rue des frères bonie,22,21,1
3745,3745,rue des frères faucher,49,49,0
3755,3755,rue des frères portmann,12,12,0
3830,3830,rue des gants,45,46,-1
3935,3935,rue des généraux duché,7,6,1
4050,4050,rue des girondins,27,27,0
4390,4390,rue des herbes,9,19,-10
4450,4450,rue des hortensias,2,2,0
4495,4495,rue des impasses,6,5,1
5265,5265,rue des lauriers,6,6,0
5535,5535,rue des lièges,43,43,0
5550,5550,rue des lilas,14,14,0
5565,5565,rue des liserons,10,10,0
6080,6080,rue des marronniers,41,49,-8
6275,6275,rue des menuts,70,69,1
6380,6380,rue des mimosas,9,9,0
8680,8680,rue de soissons,88,90,-2
8695,8695,rue de solférino,55,56,-1
8710,8710,rue de son tay,21,29,-8
6800,6800,rue des orangers,102,100,2
8725,8725,rue de soulac,29,34,-5
6885,6885,rue des palanques,15,22,-7
2598,2598,rue despax,15,13,2
7110,7110,rue des pelourdes,63,61,2
7170,7170,rue des pervenches,16,16,0
7181,7181,rue des petits caperans,1,1,0
2600,2600,rue despin,10,10,0
7350,7350,rue des pins francs,86,79,7
7358,7358,rue des plantes,11,12,-1
7375,7375,rue des poilus 1914 1918,36,35,1
7435,7435,rue des pontets,14,22,-8
,7493,Rue des Portes de Caudéran,,1,-1
2605,2605,rue despujols,56,47,9
1230,1230,rue des queyries,1,89,-88
7725,7725,rue des queyries,11,3,8
7860,7860,rue des remparts,68,71,-3
7910,7910,rue des résiniers,7,13,-6
7915,7915,rue des retaillons,55,57,-2
8080,8080,rue des rosiers,20,19,1
8135,8135,rue des sablières,66,62,4
2615,2615,rue desse,64,63,1
2620,2620,rue destanque,5,11,-6
8880,8880,rue des terres de borde,63,81,-18
8770,8770,rue de strasbourg,49,51,-2
9090,9090,rue des treuils,47,47,0
8793,8793,rue de suzon,1,1,0
9365,9365,rue des vignerons,39,39,0
9370,9370,rue des vignes,44,48,-4
9391,9391,rue des villas caud,31,34,-3
9435,9435,rue des violettes,35,36,-1
9450,9450,rue des vivants,65,74,-9
8800,8800,rue de talence,64,68,-4
8805,8805,rue de tamatave,16,17,-1
8820,8820,rue de taregua,28,25,3
8850,8850,rue de tauzia,53,64,-11
8965,8965,rue de tivoli,41,45,-4
8980,8980,rue de toulon,31,31,0
9040,9040,rue de tours,19,15,4
9070,9070,rue de tregey,50,53,-3
9085,9085,rue de tresses,33,38,-5
2625,2625,rue detrois,80,82,-2
9115,9115,rue de turenne,228,232,-4
9205,9205,rue de varize,20,21,-1
2635,2635,rue deveaux,58,54,4
9420,9420,rue de vincennes,87,93,-6
2655,2655,rue deyries,52,55,-3
2665,2665,rue diaz,30,30,0
"",,rue diderot,2,,2
,2670,Rue Diderot,,4,-4
2675,2675,rue dieu,7,7,0
2711,2711,rue docteur hoffmann martinot,9,9,0
2712,2712,rue docteur jean vincent,3,9,-6
2759,,rue dominique maggesi,8,,8
2760,2760,rue domion,23,23,0
2770,2770,rue donissan,51,54,-3
6820,6820,rue d'ormilly,44,44,0
6825,6825,rue d'ornano,142,136,6
2820,2820,rue drouot,11,10,1
6798,6798,rue du 11 novembre,24,25,-1
1760,1760,rue du 144e régiment d'infanterie,15,17,-2
2825,2825,rue dubessan,22,28,-6
2830,2830,rue dublan,21,20,1
1010,1010,rue du bocage,48,55,-7
1085,1085,rue du bosquet,20,20,0
2840,2840,rue dubourdieu,120,123,-3
1465,1465,rue du cancera,38,51,-13
1530,1530,rue du capitaine ferrand,43,41,2
1542,,rue du capitaine philippe koenigswerther,20,,20
1545,1545,rue du capitaine raffin,24,24,0
1567,1567,rue du cardinal feltin,59,18,41
1570,1570,rue du cardinal lavigerie,62,62,0
1576,1576,rue du cardinal lecot,18,18,0
1578,1578,rue du cardinal richaud,7,4,3
2855,2855,rue ducau,112,109,3
,1745,Rue du Cellier,,3,-3
1770,1770,rue du cerf volant,13,16,-3
1800,1800,rue du chai des farines,31,31,0
1810,1810,rue du chalet,49,51,-2
1840,1840,rue du chanoine andré lacaze,10,11,-1
"",,rue du chanoine vidal,10,,10
2005,2005,rue du château,12,13,-1
2015,2015,rue du château d'eau,26,42,-16
2010,2010,rue du château jouguet,29,31,-2
2020,2020,rue du château trompette,8,9,-1
2135,2135,rue du cloître,24,29,-5
2170,2170,rue du colisée,15,16,-1
2200,2200,rue du commandant arnould,69,71,-2
1230,1230,rue du commandant cousteau,1,89,-88
2208,2208,rue du commandant cousteau,13,3,10
2215,2215,rue du commandant hautreux,26,25,1
2220,2220,rue du commandant marchand,13,17,-4
2225,2225,rue du commerce,16,20,-4
2370,2370,rue du couvent,33,29,4
2865,2865,rue ducru,8,7,1
2420,2420,rue du cypressat,7,9,-2
2695,2695,rue du docteur albert barraud,116,123,-7
2700,2700,rue du docteur bert,37,37,0
2705,2705,rue du docteur cachau,16,17,-1
2710,2710,rue du docteur charles nancel pénard,33,34,-1
2730,2730,rue du docteur de souverbie,14,16,-2
2708,2708,rue du docteur finlay,4,24,-20
2709,2709,rue du docteur gabriel peri,5,1,4
2715,2715,rue du docteur paul castanet,31,29,2
2720,2720,rue du docteur rocaz,7,6,1
2725,2725,rue du docteur roux cauderan,12,9,3
2745,2745,rue du docteur schweitzer,12,11,1
2747,2747,rue du docteur yersin,20,20,0
2750,2750,rue du domaine devienne,2,6,-4
2870,2870,rue dudon,5,7,-2
2795,2795,rue du doyen cirot,8,10,-2
2805,2805,rue du doyen radet,18,19,-1
2810,2810,rue du doyen sigalas,14,15,-1
2815,2815,rue du doyen vizioz,14,13,1
2875,2875,rue dufau,14,14,0
3383,3383,rue du faubourg des arts,26,24,2
2880,2880,rue duffour dubergier,17,17,0
3545,3545,rue du fils,25,25,0
3605,3605,rue du fort dauphin,16,16,0
3610,3610,rue du fort louis,5,8,-3
3900,3900,rue du général de castelnau,70,77,-7
3905,3905,rue du général du cheyron,9,13,-4
"",,rue du général gustave ferrie,1,,1
4138,4138,rue du grand barail,1,1,0
4140,4140,rue du grand lebrun,32,39,-7
4145,4145,rue du grand maurian,100,100,0
4148,4148,rue du grand rabin joseph cohen,12,12,0
2891,,rue duguay trouin,1,,1
4295,4295,rue du ha,47,52,-5
4300,4300,rue du haillan,24,38,-14
2892,2892,rue du hamel,47,56,-9
4320,4320,rue du haut brion,30,35,-5
4325,4325,rue du haut queyron,21,24,-3
4545,4545,rue du jardin public,219,229,-10
"",,rue du jonc,3,,3
5290,5290,rue du lavoir,32,34,-2
5540,5540,rue du lieutenant delvert,22,23,-1
5580,5580,rue du livran,30,31,-1
5705,5705,rue du loup,70,82,-12
2910,2910,rue duluc,26,30,-4
2917,2917,rue dumaine,18,19,-1
5885,5885,rue du manège,40,41,-1
5900,5900,rue du marais,5,5,0
5995,5995,rue du maréchal joffre,98,30,68
5996,5996,rue du maréchal joffre caud,61,68,-7
0535,0535,rue du mascaret,5,4,1
6128,6128,rue du mascaret,21,20,1
6400,6400,rue du mirail,55,56,-1
2921,2921,rue dumont d'urville,3,5,-2
2920,2920,rue dumonteil,17,16,1
6575,6575,rue du moulin,5,5,0
6580,6580,rue du moulin rouge,27,27,0
6610,6610,rue du mouton,7,16,-9
6620,6620,rue du muguet,12,13,-1
6625,6625,rue du mulet,7,9,-2
6750,6750,rue du noviciat,22,23,-1
6880,6880,rue du palais de l'ombrière,18,20,-2
6875,6875,rue du palais gallien,166,165,1
6910,6910,rue du panorama,22,22,0
6915,6915,rue du parc,43,47,-4
6940,6940,rue du parlement sainte-catherine,24,19,5
6950,6950,rue du passage saint-georges,74,76,-2
2935,2935,rue dupaty,63,65,-2
7080,7080,rue du paveil,10,8,2
7090,7090,rue du pavillon,32,32,0
,7179,Rue du Petit Barail,,1,-1
7186,7186,rue du petit cardinal,65,53,12
7190,7190,rue du petit goave,45,44,1
7197,7197,rue du petit miot,1,1,0
7205,7205,rue du peugue,19,21,-2
2945,2945,rue dupleix,36,40,-4
2950,2950,rue duplessy,16,15,1
7415,7415,rue du pont de la mousque,12,31,-19
7450,7450,rue du port,16,19,-3
7455,7455,rue du portail,24,23,1
2955,,rue dupré de saint-maur,3,,3
7583,7583,rue du professeur andré lavignolle,4,3,1
7585,7585,rue du professeur benzacar,20,22,-2
7590,7590,rue du professeur bergonie,31,31,0
"",,rue du professeur calmette,2,,2
7595,7595,rue du professeur chavannaz,1,3,-2
7600,7600,rue du professeur daguin,64,69,-5
7602,7602,rue du professeur darget,6,7,-1
7605,7605,rue du professeur démons,21,20,1
7610,,rue du professeur deniges,10,,10
7615,7615,rue du professeur devaux,38,31,7
7618,7618,rue du professeur georges jeanneney,7,5,2
7620,7620,rue du professeur lannelongue,12,22,-10
,7625,Rue du Professeur Moure,,13,-13
7633,7633,rue du professeur pierre dangeard,3,1,2
7640,7640,rue du professeur rechou,1,1,0
7645,7645,rue du professeur sabrazes,18,19,-1
5040,5040,rue du professeur sabrazes,1,86,-85
7647,7647,rue du professeur timothée piechaud,26,22,4
7650,7650,rue du professeur vezes,3,2,1
7660,7660,rue du professeur vincent,4,6,-2
7685,7685,rue du puits descazeaux,26,25,1
7690,7690,rue du puits descujols,7,10,-3
7705,7705,rue du quai bourgeois,41,56,-15
2965,2965,rue duquesne,37,39,-2
2975,2975,rue duranteau,51,53,-2
7825,7825,rue du recteur thamin,16,6,10
2985,2985,rue duret,8,11,-3
2990,2990,rue durieu de maisonneuve,30,32,-2
8140,8140,rue du sablonat,79,84,-5
8145,8145,rue du sacré-coeur,34,30,4
8625,8625,rue du sergent henry,9,9,0
8630,8630,rue du serpolet,12,13,-1
8635,8635,rue du serporat,43,43,0
8685,8685,rue du soldat moncourrier,25,25,0
8690,8690,rue du soleil,18,21,-3
8795,8795,rue du taillan,27,29,-2
8855,8855,rue du tauzin,20,26,-6
8860,8860,rue du temple,32,32,0
8865,8865,rue du temps passe,46,46,0
8975,8975,rue du tondu,228,230,-2
3010,3010,rue dutour,17,19,-2
9230,9230,rue du vélodrome,94,79,15
3020,3020,rue duvergier,20,22,-2
9253,9253,rue du vergne,2,4,-2
9355,9355,rue du vieux marche,4,7,-3
3047,3047,rue edmond besse,21,22,-1
3050,3050,rue edmond costedoat,32,33,-1
,3055,Rue Edmond Geraud,,11,-11
3060,3060,rue edmond labasse,16,18,-2
3062,3062,rue edmond michelet,15,16,-1
3065,3065,rue edmond rostand,25,25,0
3070,3070,rue édouard branly,11,14,-3
3075,3075,rue édouard colonne,14,15,-1
3078,3078,rue édouard faure,21,22,-1
3080,3080,rue édouard larroque,27,36,-9
3085,3085,rue édouard mayaudon,63,63,0
3110,3110,rue el alamein,70,72,-2
3120,3120,rue élie gintrac,36,44,-8
3125,3125,rue elisée reclus,15,17,-2
3135,3135,rue émile combes,61,121,-60
3145,3145,rue émile dreux,46,47,-1
3150,3150,rue émile duploye,16,17,-1
5420,5420,rue émile fourcand,3,13,-10
3155,3155,rue émile fourcand,98,100,-2
3160,3160,rue émile gentil,35,35,0
3165,3165,rue émile géry,14,12,2
"",,rue émile henriot,1,,1
,3166,Rue Émile Henriot,,2,-2
"",,rue émile laparra,10,,10
,3170,Rue Émile Laparra,,11,-11
3175,3175,rue émile maurel,4,8,-4
3180,3180,rue émile pereire,25,25,0
3190,3190,rue émile zola,42,42,0
3185,3185,rue émilien tauriac,21,22,-1
3205,3205,rue entre 2 murs,6,9,-3
3218,3218,rue erik satie,14,11,3
,3219,Rue Ermend Bonnal,,2,-2
3220,3220,rue ernest bersot,25,26,-1
3225,3225,rue ernest denis,32,35,-3
3230,3230,rue ernest godard,7,7,0
3235,3235,rue ernest renan,92,96,-4
3240,3240,rue esmangard,15,15,0
3245,3245,rue espiot,42,39,3
3250,3250,rue esprit des loïs,30,31,-1
3260,3260,rue etchenique,117,125,-8
3265,3265,rue etcheto,11,11,0
3275,3275,rue étienne duperat,29,29,0
3280,3280,rue étienne huyard,13,14,-1
3282,3282,rue étienne lhoste,69,72,-3
3285,3285,rue étobon chenebier,21,22,-1
3305,3305,rue eugène jacquet,41,45,-4
3310,3310,rue eugène le roy,43,60,-17
3315,3315,rue eugène tenot,91,89,2
3360,3360,rue faidherbe,29,29,0
"",,rue falquet,41,,41
,3375,Rue Falquet,,54,-54
3380,3380,rue famatina,85,82,3
3420,3420,rue feaugas,38,41,-3
3428,,rue félix carme,31,,31
3445,3445,rue fénelon,5,6,-1
3340,3340,rue ferbeyre,1,335,-334
3455,3455,rue ferbeyre,53,56,-3
3460,3460,rue ferbos,47,48,-1
3470,3470,rue ferdinand de lesseps,18,21,-3
3472,3472,rue ferdinand palau,3,2,1
3485,3485,rue fernand audeguil,43,43,0
3480,3480,rue fernand barthélémy,20,19,1
3490,3490,rue fernand belliard,15,14,1
3495,3495,rue fernand cazères,2,2,0
3500,3500,rue fernand habasque,20,20,0
3510,3510,rue fernand marin,31,32,-1
3515,3515,rue fernand philippart,15,18,-3
3520,3520,rue ferrère,50,49,1
3530,3530,rue fieffé,140,149,-9
3535,3535,rue filaurie,16,13,3
3550,3550,rue fleche,7,5,2
3565,3565,rue flornoy,27,30,-3
3570,3570,rue fondaudege,202,200,2
3575,3575,rue fonfrede,69,66,3
3600,3600,rue forestier,50,53,-3
3620,3620,rue fourteau,17,21,-4
3625,3625,rue foy,16,15,1
3630,3630,rue fragonard,8,16,-8
3645,3645,rue francin,106,106,0
,3657,Rue Francisco Ferrer,,5,-5
3649,3649,rue francis garnier,21,19,2
3650,3650,rue francis jammes,64,73,-9
3655,3655,rue francis martin,25,27,-2
3670,3670,rue françois chambrelent,50,50,0
3660,3660,rue françois coppée,9,12,-3
3675,3675,rue françois daunes,42,48,-6
3685,3685,rue françois de sourdis,120,119,1
3693,3693,rue françois le gallais,5,5,0
3695,3695,rue françois leveque,12,11,1
3696,3696,rue françois marceau,66,60,6
3697,3697,rue françois mauriac caud,18,18,0
3699,3699,rue françois roganeau,3,4,-1
3635,3635,rue franc sanson,36,31,5
3700,3700,rue franklin,11,11,0
3705,3705,rue frantz despagnet,62,65,-3
3710,3710,rue frantz malvezin,54,50,4
3715,3715,rue frantz schrader,51,47,4
3725,3725,rue frédéric bastiat,35,36,-1
3730,3730,rue frédéric bentayoux,40,35,5
3735,3735,rue frère,121,125,-4
3765,3765,rue furtado,76,80,-4
3775,3775,rue gabillon,8,11,-3
3781,3781,rue gabriel frizeau,3,10,-7
3780,3780,rue gabriel leglise,39,37,2
3787,3787,rue gaétan dumas,33,33,0
,3800,Rue Galilée,,2,-2
3805,3805,rue galin,40,41,-1
"",,rue gambetta caud,4,,4
3815,3815,rue gambetta caud,85,74,11
3835,3835,rue garat,17,18,-1
3860,3860,rue gaspard philippe,30,31,-1
3865,3865,rue gaston lespiault,32,36,-4
3867,,rue gaston marchou,4,,4
3875,3875,rue gaugeacq,18,19,-1
3895,3895,rue gay lussac,24,28,-4
3908,3908,rue général de larminat,17,6,11
3915,3915,rue général gouraud,31,31,0
3925,3925,rue général mangin,15,20,-5
3945,3945,rue genesta,23,18,5
3950,3950,rue gensan,24,28,-4
3955,3955,rue gensonne,15,19,-4
3960,3960,rue geo delvaille,15,15,0
3972,3972,rue georges barres,17,21,-4
3973,3973,rue georges baziadoly,15,34,-19
3975,3975,rue georges bonnac,207,189,18
3980,3980,rue georges boubes,26,26,0
3995,3995,rue georges dalidet,12,12,0
"",,rue georges de sonneville,14,,14
4005,4005,rue georges juzan,20,20,0
4010,4010,rue georges mandel,215,212,3
4015,4015,rue georges rioux,34,38,-4
4020,4020,rue gerbier,3,5,-2
4025,4025,rue gergères,31,34,-3
"",,rue germaine tailleferre,1,,1
4035,4035,rue giacomo matteoti,33,34,-1
4040,4040,rue giner de los rios,57,57,0
4055,4055,rue gloris,14,15,-1
4060,4060,rue gobineau,2,3,-1
4065,4065,rue godard caud,106,102,4
4075,4075,rue gondalma,26,19,7
4085,4085,rue gouais lanos,24,23,1
4095,4095,rue goubeau,31,32,-1
4100,4100,rue gouffrand,24,27,-3
4115,4115,rue gourgues et marsaud,22,23,-1
4120,4120,rue gouvea,8,7,1
4125,4125,rue goya,86,85,1
4155,4155,rue grangeneuve,44,45,-1
4170,4170,rue grateloup,31,33,-2
4180,4180,rue gratiolet,24,25,-1
4190,4190,rue gravelotte,49,46,3
4210,4210,rue guadet,15,21,-6
4215,4215,rue guenard,18,17,1
4220,4220,rue guepin,28,29,-1
4225,4225,rue guérin,5,7,-2
4245,4245,rue guilhou,2,4,-2
4250,4250,rue guillaume brochon,9,11,-2
4255,4255,rue guillaume leblanc,179,179,0
4270,4270,rue guiraude,8,16,-8
4275,4275,rue gustave carde,27,28,-1
4280,4280,rue gustave danflou,15,14,1
"",,rue gustave eiffel,6,,6
,4281,Rue Gustave Eiffel,,6,-6
4282,,rue gustave gounouilhou,3,,3
4285,4285,rue guyart,4,4,0
4291,4291,rue guynemer caud,80,81,-1
4315,4315,rue hanappier,28,32,-4
4335,4335,rue hazera,18,18,0
4340,4340,rue hector berlioz,18,17,1
1684,1684,rue henri collet,9,4,5
4359,4359,rue henri collignon caud,19,20,-1
,4361,Rue Henri Collignon Caud,,20,-20
4365,4365,rue henri dunant,8,4,4
4370,4370,rue henri expert,11,16,-5
4371,4371,rue henri guillemin,6,18,-12
4345,4345,rue henri IV,61,62,-1
"",,rue henri labit,1,,1
4373,,rue henri libreau,14,,14
4374,4374,rue henri matisse,6,6,0
4375,4375,rue henri merand,16,14,2
4380,4380,rue henri rodel,13,14,-1
4362,4362,rue henry deffes,48,48,0
4395,4395,rue heriard dubreuil,46,47,-1
4410,4410,rue héron,57,65,-8
4415,4415,rue hippolyte minier,48,50,-2
4420,4420,rue hoche,76,76,0
4425,4425,rue honoré picon,20,21,-1
4430,4430,rue honoré tessier,13,14,-1
4445,4445,rue hortense,103,98,5
,4440,Rue Hortense,,109,-109
4470,4470,rue hugla,21,30,-9
4475,4475,rue huguerie,67,69,-2
4485,4485,rue hustin,15,19,-4
4505,4505,rue ingres,17,17,0
4511,4511,rue jac belaubre,18,13,5
4512,4512,rue jacques camille paris,9,5,4
4515,4515,rue jacques cartier,13,14,-1
"",,rue jacques d'welles,3,,3
,4517,Rue Jacques d'Welles,,2,-2
4514,4514,rue jacques ellul,2,3,-1
4516,4516,rue jacques lemarchand,22,24,-2
4520,4520,rue jacques rivière,6,7,-1
4526,4526,rue jacques thibaud,4,3,1
4540,4540,rue jardel,24,25,-1
4547,4547,rue jean anouilh,30,33,-3
4549,4549,rue jean artus,5,6,-1
4550,4550,rue jean balde,18,20,-2
4555,4555,rue jean baptiste colbert,20,22,-2
4565,4565,rue jean bart,19,17,2
4570,4570,rue jean bedouret,37,37,0
4580,4580,rue jean burguet,26,26,0
4584,4584,rue jean cocteau,33,33,0
4585,4585,rue jean coudanne,9,9,0
4595,4595,rue jean croix treyeran,21,23,-2
4616,4616,rue jean de la fontaine,34,33,1
4657,4657,rue jean de malet,12,11,1
4600,4600,rue jean descas,28,26,2
4605,4605,rue jean dollfus,32,33,-1
4610,4610,rue jean dumas,49,50,-1
4612,4612,rue jean dupas,17,19,-2
4590,4590,rue jean et charles pannetier,29,28,1
3757,3757,rue jean fleuret,1,15,-14
4613,4613,rue jean fleuret,4,5,-1
1916,1916,rue jean fleuret,3,20,-17
5837,,rue jean fleuret,5,,5
4617,4617,rue jean forton,66,66,0
,4614,Rue Jean Gabriel Domergue,,3,-3
4615,4615,rue jean grondel,43,44,-1
4620,4620,rue jean hameau,8,3,5
4630,4630,rue jean jacques bel,9,11,-2
4640,4640,rue jean jacques rabaud,8,11,-3
,4641,Rue Jean-Jacques Rabaud,,11,-11
4645,4645,rue jean jacques rousseau,70,18,52
4655,4655,rue jean lalanne,44,43,1
4660,4660,rue jean mermoz,32,36,-4
4663,,rue jean monnet,3,,3
4700,4700,rue jeanne,19,19,0
"",,rue jeanne de lestonnac,1,,1
"",,rue jeanne jugan,6,,6
4717,4717,rue jeannin,24,23,1
4668,4668,rue jean odin,17,20,-3
4675,4675,rue jean paul alaux,10,25,-15
4670,4670,rue jean pierre marie bouron,32,30,2
4680,4680,rue jean renaud dandicolle,180,180,0
4685,4685,rue jean richepin,7,7,0
4690,4690,rue jean sabarots,3,3,0
4695,4695,rue jean soula,108,109,-1
4698,4698,rue jean vaquier,8,2,6
4720,4720,rue jenny lépreux,24,22,2
4725,4725,rue jérôme mauvigney,9,9,0
4735,4735,rue jiel laval,21,21,0
4644,4644,rue j jacques rousseau caud,24,30,-6
4750,4750,rue joseph abria,12,29,-17
4755,4755,rue joseph aube,15,15,0
4758,4758,rue joseph bonnet,8,7,1
4759,4759,rue joseph brun,21,24,-3
4760,4760,rue joseph brunet,74,71,3
4765,4765,rue joseph de carayon latour,2,5,-3
4770,4770,rue joseph faure,85,93,-8
4785,4785,rue joséphine,56,63,-7
"",,rue joséphine baker,6,,6
4775,4775,rue joseph le brix,33,32,1
4780,4780,rue joseph pujol,47,48,-1
4790,4790,rue jouannet,11,12,-1
4810,4810,rue judaïque,280,270,10
4815,4815,rue jude,112,89,23
4820,4820,rue jules badal,22,22,0
4825,4825,rue jules betbeder,20,19,1
4830,4830,rue jules delpit,56,54,2
4835,4835,rue jules dugas,18,20,-2
4840,4840,rue jules ferry,62,53,9
4845,4845,rue jules guesde,53,55,-2
4850,4850,rue jules lemaître,27,29,-2
4855,4855,rue jules mabit,50,54,-4
4860,4860,rue jules michelet,16,30,-14
4865,4865,rue jules perrens,53,55,-2
4875,4875,rue jules steeg,45,42,3
4880,4880,rue jules verne,39,38,1
4885,4885,rue julie,13,13,0
4897,4897,rue kieser,50,50,0
4900,4900,rue kléber,250,130,120
4901,4901,rue kléber caud,74,80,-6
4905,4905,rue kyrie,43,41,2
4920,4920,rue labat,21,22,-1
4925,4925,rue labirat,17,20,-3
4930,4930,rue labottière,31,29,2
4910,4910,rue la boubée,14,18,-4
4940,4940,rue laboye,18,21,-3
4960,4960,rue lachassaigne,67,70,-3
4970,4970,rue laclotte,10,13,-3
4975,4975,rue lacornée,39,44,-5
4985,4985,rue lacour,29,30,-1
4995,4995,rue lacroix,21,23,-2
5015,5015,rue lafaurie de monbadon,74,78,-4
5020,5020,rue la fayette,9,11,-2
5025,5025,rue laffiteau,42,43,-1
5050,5050,rue lafon,8,7,1
5065,5065,rue lafontaine,87,97,-10
5075,5075,rue lageyre,16,17,-1
5080,5080,rue lagrange,104,116,-12
5085,5085,rue lagraveyre,40,49,-9
5100,5100,rue lajarte,35,34,1
5125,5125,rue laliment,8,11,-3
5135,5135,rue lamolinerie,15,14,1
5140,5140,rue la mothe,29,32,-3
5145,5145,rue lamothe pichon,19,20,-1
5148,5148,rue la motte picquet,1,16,-15
5150,5150,rue lamourous,45,46,-1
5158,5158,rue lana,3,2,1
5177,5177,rue la pérouse,5,6,-1
5180,5180,rue lapié,9,7,2
5185,5185,rue laplace,11,13,-2
5190,5190,rue laplacette,28,29,-1
"",,rue laporte,23,,23
5196,5196,rue laporte caud,23,30,-7
5200,5200,rue larmée,39,40,-1
5205,5205,rue laroche,95,99,-4
5210,5210,rue lartigue,10,12,-2
5217,5217,rue la seiglière,1,8,-7
5223,5223,rue lasserre,18,28,-10
5230,5230,rue latesta,38,35,3
5235,5235,rue latour,21,22,-1
5237,5237,rue la tour d'auvergne,67,66,1
5245,5245,rue lauradey,10,8,2
5250,5250,rue laure gatet,37,38,-1
5260,5260,rue laurent sens,17,17,0
5285,5285,rue laville fatin,48,54,-6
5300,5300,rue lavoisier,9,13,-4
5305,5305,rue leberthon,81,79,2
5310,5310,rue lebrun,27,26,1
5315,5315,rue le chapelier,25,28,-3
5320,5320,rue lecocq,222,230,-8
5325,5325,rue lefol,27,31,-4
5335,5335,rue lenotre,19,10,9
5345,5345,rue léo drouyn,8,7,1
5395,5395,rue léonard lenoir,29,32,-3
5360,5360,rue léon aucoc,10,12,-2
2730,2730,rue léon blum,1,16,-15
5367,5367,rue léon blum,93,93,0
5370,5370,rue léon bourgeois,15,12,3
5400,5400,rue léonce jugla,16,18,-2
5401,5401,rue léonce motelay,7,17,-10
5401,5401,Rue Léonce Motelay,1,17,-16
5405,5405,rue léonce peyrecave,7,8,-1
5410,5410,rue léonie,33,35,-2
5377,5377,rue léon jouhaux,9,10,-1
5380,5380,rue léon pallière,58,59,-1
5385,5385,rue léon roches,16,17,-1
,5390,Rue Leon Valade,,6,-6
5350,5350,rue léo saignât,37,38,-1
5415,5415,rue le reynart,26,27,-1
,5456,Rue Letellier,,12,-12
5460,5460,rue leupold,20,24,-4
5465,5465,rue levieux,44,45,-1
5475,5475,rue leydet,43,49,-6
5490,5490,rue leyronneire,21,22,-1
5495,5495,rue leyteire,77,88,-11
5500,5500,rue lherisson,29,29,0
5510,5510,rue lhote,10,13,-3
5545,5545,rue ligier,43,48,-5
5590,5590,rue lombard,77,72,5
5595,5595,rue longchamps,24,26,-2
5040,5040,rue louis beydts,3,86,-83
5630,5630,rue louis beydts,52,39,13
5640,5640,rue louis braille,32,33,-1
5645,5645,rue louis cabie,59,66,-7
5648,5648,rue louis combes,9,10,-1
5650,5650,rue louis coullet,2,2,0
5655,5655,rue louis david allegre,15,15,0
5660,5660,rue louis de foix,7,17,-10
5668,5668,rue louis gendreau,7,2,5
5670,5670,rue louis-jacques guichard,21,18,3
5675,5675,rue louis liard,32,33,-1
5680,5680,rue louis maydieu,22,27,-5
5684,5684,rue louis mesplet,7,7,0
5695,5695,rue louis mie,31,33,-2
5700,5700,rue louis sabourin,10,11,-1
5720,5720,rue lucien duffau,23,22,1
5725,5725,rue lucien faure,23,30,-7
5733,5733,rue luckner,19,19,0
5740,5740,rue luflade,22,28,-6
5745,5745,rue lugeol,31,28,3
5780,5780,rue mably,29,31,-2
"",,rue mac carthy,92,,92
5785,5785,Rue Mac Carthy Caud,6,99,-93
5805,5805,rue madère,12,14,-2
5820,5820,rue magendie,14,15,-1
5825,5825,rue magenta,12,13,-1
5830,5830,rue magnificat,8,8,0
5860,5860,rue malbec,236,245,-9
5865,5865,rue malescaut,18,20,-2
5875,5875,rue malleret,52,53,-1
5880,5880,rue mandron,175,174,1
5890,5890,rue manon cormier,157,155,2
5910,5910,rue marbotin,10,14,-4
5913,,rue marc boeuf,1,,1
5920,5920,rue marceau,51,197,-146
5930,5930,rue marcel,26,25,1
5932,5932,rue marcelin,19,19,0
5945,5945,rue marcelin berthelot,45,47,-2
5950,5950,rue marcelin jourdan,72,72,0
5935,5935,rue marcel issartier,13,13,0
5938,5938,rue marcel pagnol,8,14,-6
5940,5940,rue marcel sembat,17,15,2
5917,5917,rue marc sangnier,3,2,1
5965,5965,rue maréchal fayolle,12,13,-1
5970,5970,rue maréchal foch,43,44,-1
5980,5980,rue maréchal franchet esperey,8,10,-2
5985,5985,rue maréchal gallieni,38,39,-1
6010,6010,rue maréchal lyautey,11,10,1
6020,6020,rue maréchal maunoury,22,21,1
6035,6035,rue marengo,32,35,-3
6042,6042,rue margaux,21,24,-3
6043,6043,rue marguerite crauste,2,3,-1
7918,,rue marguerite crauste,4,,4
"",,rue marius faget,1,,1
6090,6090,rue marsan,90,95,-5
6100,6100,rue martignac,5,7,-2
6125,6125,rue maryse bastié,11,11,0
6130,6130,rue masséna,22,22,0
6135,6135,rue masson,20,18,2
6140,6140,rue mathieu,86,83,3
6150,6150,rue matignon,22,24,-2
6160,6160,rue maubec,25,27,-2
6170,6170,rue maubourguet,33,34,-1
6180,6180,rue maucoudinat,22,24,-2
6195,6195,rue mauriac,12,8,4
6210,6210,rue maurice,75,68,7
"",,rue maurice bersagol,2,,2
"",,rue maurice druon,24,,24
X042,,rue maurice druon,1,,1
,6216,Rue Maurice Druon,,24,-24
6222,6222,rue maurice lanoire,8,12,-4
6205,6205,rue maurice ravel,19,19,0
6230,6230,rue mautrec,9,11,-2
"",,rue max coyne,1,,1
,6240,Rue Max Coyne,,1,-1
6245,6245,rue maxime lalanne,33,33,0
6250,6250,rue maydieu,8,16,-8
6255,6255,rue mazagran,43,39,4
6260,6260,rue mazarin,108,111,-3
6263,,rue médecin colonel albert chemin,5,,5
,6264,Rue Médecin Général Grandpierre,,4,-4
6270,6270,rue mellis,32,30,2
6290,6290,rue mercière,27,30,-3
6295,6295,rue meret,10,12,-2
6320,6320,rue méry,15,19,-4
6325,6325,rue meste verdie,38,29,9
6330,6330,rue mestre,74,68,6
6335,6335,rue mestrezat,29,28,1
6340,6340,rue métivier,4,8,-4
6350,6350,rue mexico,53,51,2
6360,6360,rue michel favreau,24,23,1
6365,6365,rue michel montaigne,15,16,-1
6370,6370,rue millanges,8,8,0
6375,6375,rue millière,80,83,-3
6390,6390,rue minvielle,55,61,-6
6435,6435,rue molière,12,12,0
6440,6440,rue monadey,41,41,0
6445,6445,rue mondenard,158,157,1
6450,6450,rue mondesir,31,30,1
6460,6460,rue moni,37,38,-1
6470,6470,rue monneron,26,27,-1
6480,6480,rue monsarrat,98,101,-3
6490,6490,rue montaigne,17,17,0
6500,6500,rue montbazon,19,20,-1
6510,6510,rue montesquieu,13,13,0
6515,6515,rue montfaucon,82,86,-4
6525,6525,rue montgolfier,156,78,78
6530,6530,rue monthyon,25,26,-1
6535,6535,rue montmejean,76,72,4
6545,6545,rue morin,16,7,9
6555,6555,rue morion,31,31,0
6565,6565,rue morton,33,30,3
6590,6590,rue moulinié,22,30,-8
6605,6605,rue mouneyra,207,214,-7
6615,6615,rue mozart,55,74,-19
6635,6635,rue murat,37,29,8
6660,6660,rue naujac,229,232,-3
6665,6665,rue nauville,49,50,-1
"",,rue nelson suq,8,,8
,6673,Rue Nelson Suq,,8,-8
6685,6685,rue nérigean,30,33,-3
6690,6690,rue neuve,38,41,-3
6705,6705,rue ney,10,10,0
6710,6710,rue nicolas beaujon,39,45,-6
6725,6725,rue nicot,43,46,-3
6745,6745,rue notre-dame,140,144,-4
6770,6770,rue nuyens,20,56,-36
6785,6785,rue odilon redon,16,19,-3
6775,6775,rue o'reilly,4,1,3
6830,6830,rue oscar balaresque,22,22,0
6835,6835,rue oscar et jean auriac,14,16,-2
6840,6840,rue padouin,34,33,1
6850,6850,rue pages,43,46,-3
6935,6935,rue parlement saint-pierre,26,27,-1
6955,6955,rue pascal lafargue,98,104,-6
6960,6960,rue pascal mothes,36,35,1
6975,6975,rue pasteur,319,258,61
6995,6995,rue paul antin,62,64,-2
,6998,Rue Paul Baudenon,,1,-1
,5111,Rue Paul Baudenon,,1,-1
7000,7000,rue paul bert,28,28,0
7005,7005,rue paul berthelot,35,35,0
7010,7010,rue paul broca,10,19,-9
7015,7015,rue paul camelle,89,91,-2
7020,7020,rue paul courteault,46,42,4
7025,7025,rue paul denuce,31,23,8
7030,7030,rue paul doumer,23,21,2
7070,7070,rue paulin,105,103,2
7075,7075,rue pauline kergomard,54,62,-8
7040,7040,rue paul louis lande,68,73,-5
7045,7045,rue paul mamert,26,30,-4
7050,7050,rue paul painlevé,2,4,-2
7055,7055,rue paul proteau,13,13,0
7060,7060,rue paul quinsac,28,29,-1
7067,7067,rue paul valéry,20,34,-14
7068,7068,rue paul verlaine,37,37,0
7100,7100,rue pedroni,22,24,-2
7105,7105,rue pelleport,272,276,-4
7120,7120,rue penicaud,21,21,0
"",,rue père dieuzaide,5,,5
,7127,Rue Père Dieuzaide,,5,-5
7130,7130,rue père louis de jabrun,24,25,-1
7140,7140,rue perey,100,47,53
7150,7150,rue perinot,45,46,-1
7155,7155,rue permentade,54,60,-6
7200,7200,rue petit parc,51,52,-1
7225,7225,rue peyreblanque,23,25,-2
7229,7229,rue peyrodeau minoy,11,13,-2
7240,7240,rue peyronnet,37,40,-3
7255,,rue pierlot,1,,1
7260,7260,rue pierre,48,53,-5
7267,7267,rue pierre baour,27,36,-9
7270,7270,rue pierre brossolette,17,16,1
"",,rue pierre chareau,2,,2
,7273,Rue Pierre Chareau,,4,-4
7275,7275,rue pierre charron,3,12,-9
7285,7285,rue pierre curie,19,20,-1
7280,7280,rue pierre de coubertin,7,7,0
7298,7298,rue pierre de ladime,54,58,-4
7290,7290,rue pierre duhem,61,69,-8
7299,7299,rue pierre latecoère,2,7,-5
7300,7300,rue pierre loti,62,29,33
7301,7301,rue pierre loti caud,8,29,-21
7310,7310,rue pierre noguey,40,40,0
7315,7315,rue pierre paris,24,24,0
7325,7325,rue pierre trebod,31,25,6
7330,7330,rue pilet,12,13,-1
7335,7335,rue piliers de tutelle,29,32,-3
7355,7355,rue planterose,36,38,-2
7380,7380,rue poissonnier,27,26,1
7385,7385,rue poitevin,10,10,0
7400,7400,rue pomme d'or,68,74,-6
7440,7440,rue ponthelier,27,27,0
7445,7445,rue poquelin molière,25,29,-4
7485,7485,rue porte de la monnaie,34,36,-2
7475,7475,rue porte des portanets,6,7,-1
7495,7495,rue poudensan,38,36,2
7500,7500,rue poujeau,55,33,22
7505,7505,rue pourmann,35,42,-7
7515,7515,rue poyenne,54,60,-6
7545,7545,rue premeynard,35,38,-3
7555,7555,rue président coty,8,8,0
7570,7570,rue preville,26,25,1
7580,7580,rue privât,26,27,-1
7584,7584,rue professeur andré lambinet,7,10,-3
7604,7604,rue professeur delmas marsalet,6,6,0
7623,7623,rue professeur moreau,34,33,1
7630,7630,rue professeur pachon,20,20,0
7655,7655,rue professeur villemin,47,48,-1
7665,7665,rue promis,28,29,-1
7670,7670,rue prosper,26,30,-4
7675,7675,rue prunier,108,116,-8
7700,7700,rue puységur,50,52,-2
7715,7715,rue queyret caud,41,35,6
7735,7735,rue quintin,112,114,-2
7740,7740,rue rabanis,8,11,-3
7750,7750,rue rabot,24,19,5
7761,7761,rue racine,23,24,-1
7765,7765,rue ramonet,27,30,-3
7768,,rue raoul dufy,2,,2
7775,7775,rue râteau,11,12,-1
7780,7780,rue ravez,20,17,3
7788,7788,rue raymond auguste monvoisin,4,4,0
7790,7790,rue raymond bordier,55,54,1
,7808,Rue Raymond Jeanvrot,,11,-11
7800,7800,rue raymond lartigue,36,37,-1
7805,7805,rue raymond lavigne,43,65,-22
7815,7815,rue raymond poincaré,32,24,8
7820,7820,rue raze,30,28,2
,7830,Rue Redon,,5,-5
7840,7840,rue régis,28,28,0
7845,7845,rue reignier,72,74,-2
7870,7870,rue renault,33,35,-2
"",,rue rené buthaud,2,,2
,7868,Rue René Buthaut,,1,-1
7871,,rue rené cassin,7,,7
7872,7872,rue rené magne,24,26,-2
7880,7880,rue rené roy de clotte,41,44,-3
7885,7885,rue renière,29,30,-1
7895,7895,rue répond,47,43,4
7920,7920,rue riausac,14,16,-2
7930,7930,rue richard,8,12,-4
7935,7935,rue richelieu,28,30,-2
7959,7959,rue robert caumont,5,2,3
7958,7958,rue robert charazac,5,4,1
7960,7960,rue robert d'ennery,62,60,2
7963,7963,rue robert lateulade,1,1,0
7968,7968,rue robert schuman,10,9,1
7970,7970,rue roborel de climens,54,54,0
7975,7975,rue rochambeau,35,39,-4
7985,7985,rue rode,18,19,-1
8000,8000,rue rodrigues pereire,48,50,-2
8005,8005,rue roger allo,41,42,-1
8010,8010,rue roger bigorre,14,13,1
8015,8015,rue roger ducasse,17,17,0
8025,8025,rue roger mirassou,55,61,-6
8026,8026,rue roger touton,24,29,-5
8033,8033,rue roland dorgeles,1,1,0
8040,8040,rue rolland,30,32,-2
8060,8060,rue rosa bonheur,84,82,2
8065,8065,rue rosalie,16,17,-1
8070,8070,rue rose,20,23,-3
8085,8085,rue rosny,30,30,0
8095,8095,rue roturier,20,21,-1
8115,8115,rue roullet,40,42,-2
8160,8160,rue saige,8,8,0
8195,8195,rue saint-benoît,15,18,-3
,8370,Rue Sainte-Anne,,1,-1
8390,8390,rue sainte-catherine,268,275,-7
8395,8395,rue sainte-cécile,31,31,0
8400,8400,rue sainte-colombe,41,41,0
8411,8411,rue sainte-élisabeth caud,23,19,4
8420,8420,rue sainte-eugénie,29,46,-17
8430,8430,rue sainte-geneviève,42,42,0
8435,8435,rue sainte-germaine,2,3,-1
8205,8205,rue saint-éloi,8,13,-5
8450,8450,rue sainte-luce,42,41,1
8455,8455,rue sainte-marguerite,14,14,0
8460,8460,rue sainte-marie,20,17,3
"",,rue sainte-monique,62,,62
,8465,Rue Sainte-Monique,,59,-59
8470,8470,rue sainte-philomène,23,22,1
8475,8475,rue sainte-thérèse,15,17,-2
8215,8215,rue saint-étienne,19,20,-1
8225,8225,rue saint-fort,45,46,-1
8230,8230,rue saint-françois,55,61,-6
8235,8235,rue saint-gènes,182,187,-5
8240,8240,rue saint-gilbert,9,10,-1
8245,8245,rue saint-hubert,24,29,-5
8255,8255,rue saint-james,45,48,-3
8265,8265,rue saint-jean,92,91,1
8270,8270,rue saint-joseph,63,65,-2
8275,8275,rue saint-laurent,28,26,2
2955,,rue saint-maur,1,,1
8315,8315,rue saint-maur,19,22,-3
8320,8320,rue saint-nicolas,48,50,-2
8350,8350,rue saint-rémi,69,68,1
8355,8355,rue saint-sernin,38,46,-8
8360,8360,rue saint-siméon,9,11,-2
8365,8365,rue saint-vincent-de-paul,18,22,-4
8503,,rue samuel kirsz,4,,4
8505,8505,rue sanche de pomiers,43,45,-2
8510,8510,rue sansas,18,22,-4
8515,8515,rue santé garibaldi,22,22,0
8525,8525,rue sarrette,19,21,-2
8555,8555,rue saumenude,21,21,0
8565,8565,rue sauteyron,45,45,0
8570,8570,rue sauvageon,30,27,3
8580,8580,rue savigné chanteloup,40,41,-1
8585,8585,rue scaliger,45,48,-3
"",,rue schnegg,4,,4
8588,8588,rue sébastien prévôt,4,3,1
8590,8590,rue segalier,57,56,1
8620,8620,rue séraphin,24,27,-3
8640,8640,rue serr,42,52,-10
8645,8645,rue servandoni,71,70,1
8660,8660,rue sicard,16,49,-33
8675,8675,rue simone,7,2,5
8700,8700,rue solle,87,92,-5
8720,8720,rue soubiras,64,55,9
"",,rue stehelin,133,,133
,8760,Rue Stéhélin,,123,-123
8775,8775,rue succursale,31,33,-2
8777,8777,rue suffren,7,10,-3
8780,8780,rue sullivan,49,53,-4
8786,8786,rue surcouf,2,3,-1
8790,8790,rue surson,68,66,2
8810,8810,rue tanesse,28,27,1
8830,8830,rue tastet,37,45,-8
8845,8845,rue taudin,20,20,0
8875,8875,rue terrasson,100,93,7
8890,8890,rue teulère,23,25,-2
8895,8895,rue thebeau,6,6,0
8900,8900,rue théodore ducos,60,58,2
8905,8905,rue théodore gardère,33,35,-2
8910,8910,rue theresia cabarrus,70,68,2
8915,8915,rue thiac,38,41,-3
8940,8940,rue tiffonet,22,24,-2
8945,8945,rue tillet,67,70,-3
8970,8970,rue tombe l'oly,31,32,-1
8990,8990,rue toulouse lautrec,8,10,-2
9010,9010,rue tourât,35,37,-2
9055,9055,rue tranchère,59,59,0
8610,8610,rue traversanne,1,3,-2
9060,9060,rue traversanne,32,38,-6
9120,9120,rue tustal,20,21,-1
9125,9125,rue ulysse despaux,11,13,-2
9130,9130,rue ulysse gayon,52,59,-7
9155,9155,rue valdec,6,8,-2
9160,9160,rue valentin haüy,31,32,-1
9185,9185,rue vandebrande,19,22,-3
9190,9190,rue vantrasson,33,34,-1
9210,9210,rue vauban,15,20,-5
9215,9215,rue vaucher,52,55,-3
9220,9220,rue vaucouleurs,53,55,-2
9225,9225,rue vauquelin,18,18,0
9240,9240,rue verdier,33,33,0
9255,9255,rue vergniaud,40,43,-3
9266,9266,rue verte,51,60,-9
9270,9270,rue verteuil,5,5,0
9275,9275,rue veyrines,19,22,-3
9280,9280,rue veyssière,49,46,3
9295,9295,rue victoire américaine,18,19,-1
9300,9300,rue victor caffin,15,15,0
9305,9305,rue victor duruy,33,29,4
9320,9320,rue victor et louis liotard,27,26,1
9310,9310,rue victor hugo,71,71,0
"",,rue victor schoelcher,43,,43
9335,9335,rue videau,18,25,-7
9340,9340,rue vieillard,13,15,-2
9380,9380,rue vilaris,27,27,0
9410,9410,rue villedieu,48,50,-2
9415,9415,rue villeneuve,18,17,1
9430,9430,rue vinet,2,5,-3
9440,9440,rue virginia,26,38,-12
9445,9445,rue vital carles,41,43,-2
3759,,rue vital mareille,3,,3
9447,9447,rue vital mareille,8,8,0
9455,9455,rue voltaire,22,21,1
9460,9460,rue walter poupot,27,37,-10
9471,9471,rue william lacoste,10,10,0
9465,9465,rue wilson,18,19,-1
9480,9480,rue wustenberg,76,78,-2
9485,9485,rue xaintrailles,33,35,-2
9493,9493,rue xavier arsène henry,6,2,4
9502,9502,rue yves glotin,13,8,5
,4575,Square Jean Bureau,,5,-5
"",,square loupiac,4,,4
,5707,Square Loupiac,,4,-4
6970,6970,square passicos,9,11,-2
7879,7879,square rené rougerie,27,29,-2
"",,square saint-estèphe,9,,9
,8213,Square Saint-Estèphe,,12,-12
3757,3757,terrasse front du médoc,13,15,-2
,5076,Voie Hall des Expositions,,2,-2
